box_id,delivery_date,Cool Pouch Size,Box Size,postcode
GB231,19/02/2022 00:00,M,L,CH624SX
GB1481,20/02/2022 00:00,M,M,LS178RS
GB1681,20/02/2022 00:00,M,M,CO27LR
GB1104,20/02/2022 00:00,S,M,EH177ES
GB1343,21/02/2022 00:00,L,L,IP84FA
GB1299,20/02/2022 00:00,S,M,TA201AF
GB1658,20/02/2022 00:00,M,M,S88QQ
GB196,23/02/2022 00:00,M,M,CM32EN
GB678,20/02/2022 00:00,M,L,SW1E6AL
GB239,20/02/2022 00:00,M,L,TN257GH
GB810,23/02/2022 00:00,M,M,SA115TB
GB1687,24/02/2022 00:00,M,L,IM83AN
GB1248,22/02/2022 00:00,L,L,TN240TH
GB601,23/02/2022 00:00,S,M,NN69WG
GB858,20/02/2022 00:00,M,M,WD194BP
GB382,22/02/2022 00:00,M,M,SK144FX
GB683,19/02/2022 00:00,M,M,DE248US
GB312,20/02/2022 00:00,M,M,RM64UQ
GB675,20/02/2022 00:00,M,M,LS176NS
GB3,24/02/2022 00:00,M,M,SA334PT
GB556,21/02/2022 00:00,M,M,CV14BS
GB1735,20/02/2022 00:00,M,L,LE80SX
GB711,20/02/2022 00:00,S,M,B602HL
GB756,21/02/2022 00:00,L,L,E175AU
GB1181,20/02/2022 00:00,S,M,MK42GG
GB157,21/02/2022 00:00,M,M,LE157DR
GB1405,21/02/2022 00:00,M,M,M73ND
GB903,22/02/2022 00:00,L,L,GU520XB
GB1330,22/02/2022 00:00,M,L,ML27DR
GB590,21/02/2022 00:00,L,L,SE61HW
GB1506,20/02/2022 00:00,M,L,B975PG
GB35,23/02/2022 00:00,M,M,ST161QR
GB1756,20/02/2022 00:00,S,M,BN32PS
GB1939,25/02/2022 00:00,M,M,W149SJ
GB781,19/02/2022 00:00,S,L,CM179ER
GB1548,22/02/2022 00:00,L,M,GY80LY
GB46,21/02/2022 00:00,M,M,LU74NY
GB1179,24/02/2022 00:00,S,M,BS67BU
GB1132,19/02/2022 00:00,M,L,PR14NL
GB1594,24/02/2022 00:00,M,M,CR36AA
GB1839,22/02/2022 00:00,M,L,LS122AH
GB79,22/02/2022 00:00,M,M,TQ50PA
GB1852,23/02/2022 00:00,S,M,DN162UH
GB319,21/02/2022 00:00,M,L,ML126NZ
GB1961,20/02/2022 00:00,M,M,KT13EU
GB1183,25/02/2022 00:00,L,M,PO144AL
GB240,21/02/2022 00:00,M,M,CF356AQ
GB647,21/02/2022 00:00,M,M,RG193UP
GB597,20/02/2022 00:00,M,M,E147LQ
GB619,19/02/2022 00:00,M,M,HA49RP
GB218,21/02/2022 00:00,M,M,SL24BP
GB1723,23/02/2022 00:00,M,M,E114DP
GB909,20/02/2022 00:00,M,M,PE321ST
GB1817,23/02/2022 00:00,M,L,NN118DA
GB826,21/02/2022 00:00,M,M,EN13JA
GB1103,21/02/2022 00:00,M,M,RG45AJ
GB1820,22/02/2022 00:00,M,L,NR319XY
GB1078,21/02/2022 00:00,S,M,BD120DN
GB1871,22/02/2022 00:00,M,M,HA89AF
GB1679,22/02/2022 00:00,S,M,NG340TD
GB1059,19/02/2022 00:00,S,M,S361AW
GB1503,22/02/2022 00:00,M,M,GU323NA
GB1930,22/02/2022 00:00,M,M,S730WH
GB738,20/02/2022 00:00,M,M,B601DG
GB971,24/02/2022 00:00,L,L,L176BY
GB275,23/02/2022 00:00,S,M,SW1P4DZ
GB1763,24/02/2022 00:00,M,M,BA147DQ
GB1992,21/02/2022 00:00,M,M,TN278DZ
GB1740,22/02/2022 00:00,S,M,NE297RG
GB1150,25/02/2022 00:00,M,M,S654HZ
GB898,19/02/2022 00:00,S,M,KA308NW
GB977,21/02/2022 00:00,M,M,WA105JS
GB1080,24/02/2022 00:00,M,M,EN62AT
GB1654,21/02/2022 00:00,L,L,BR40BQ
GB1894,23/02/2022 00:00,S,M,LS132LL
GB1682,25/02/2022 00:00,S,M,EN52HX
GB1608,20/02/2022 00:00,M,L,GU14DW
GB623,20/02/2022 00:00,M,L,TA100AS
GB664,22/02/2022 00:00,S,M,S608AZ
GB1650,21/02/2022 00:00,M,M,SS118XP
GB381,22/02/2022 00:00,L,L,LE29TP
GB1386,19/02/2022 00:00,S,M,PO202BQ
GB615,22/02/2022 00:00,M,M,B744AS
GB1155,21/02/2022 00:00,M,M,YO89RN
GB925,19/02/2022 00:00,S,M,ST216NJ
GB1416,20/02/2022 00:00,L,L,CF110JE
GB1371,22/02/2022 00:00,S,M,OX43EL
GB882,20/02/2022 00:00,L,L,DA175QL
GB669,23/02/2022 00:00,M,M,BN164PA
GB1277,22/02/2022 00:00,L,L,BL23DY
GB1865,24/02/2022 00:00,M,M,DL57NH
GB1261,21/02/2022 00:00,M,L,SS178JA
GB379,21/02/2022 00:00,M,M,WF32FU
GB1826,21/02/2022 00:00,M,L,ME21EB
GB1987,25/02/2022 00:00,M,L,TS175HE
GB191,21/02/2022 00:00,S,M,PO124DJ
GB1596,19/02/2022 00:00,M,M,EX227EJ
GB684,22/02/2022 00:00,S,M,GU126DS
GB1849,22/02/2022 00:00,S,M,TW140DL
GB880,21/02/2022 00:00,M,M,BL67QE
GB138,21/02/2022 00:00,M,M,E176RD
GB93,21/02/2022 00:00,L,M,N166HP
GB901,23/02/2022 00:00,M,M,KY58AU
GB1047,19/02/2022 00:00,M,M,HD22GD
GB1714,23/02/2022 00:00,M,M,G696EW
GB1858,21/02/2022 00:00,M,M,G444JD
GB1228,22/02/2022 00:00,M,M,PL268XH
GB1751,20/02/2022 00:00,M,M,HP201RW
GB1027,19/02/2022 00:00,M,M,EH46DY
GB110,22/02/2022 00:00,L,L,WA87BP
GB33,21/02/2022 00:00,L,M,E32PD
GB296,19/02/2022 00:00,L,M,FY39QX
GB260,22/02/2022 00:00,L,M,EH68ET
GB1808,24/02/2022 00:00,M,L,BT247FH
GB62,21/02/2022 00:00,S,M,AB219FE
GB459,21/02/2022 00:00,M,M,TD13SD
GB1774,23/02/2022 00:00,M,M,S361JR
GB1560,21/02/2022 00:00,M,M,WN57DR
GB279,20/02/2022 00:00,L,L,B602PW
GB1225,20/02/2022 00:00,S,M,TN161TB
GB1148,19/02/2022 00:00,S,M,NG156RT
GB1119,20/02/2022 00:00,M,L,EH64BB
GB755,21/02/2022 00:00,L,L,EX143PN
GB301,19/02/2022 00:00,S,M,DL38QL
GB393,24/02/2022 00:00,S,M,BT119FZ
GB618,25/02/2022 00:00,S,L,CB235BN
GB1255,22/02/2022 00:00,S,M,BN149EQ
GB1553,20/02/2022 00:00,M,M,AL23AA
GB779,22/02/2022 00:00,M,M,DN320JF
GB554,20/02/2022 00:00,M,L,GL529PY
GB1766,25/02/2022 00:00,S,M,SA132DP
GB655,21/02/2022 00:00,L,M,TW209BU
GB1491,22/02/2022 00:00,M,M,E32GF
GB1108,19/02/2022 00:00,S,M,DA26LX
GB447,25/02/2022 00:00,S,M,M154UD
GB274,21/02/2022 00:00,M,M,SE207EE
GB392,19/02/2022 00:00,S,M,WA51DA
GB1062,20/02/2022 00:00,S,M,SK45BY
GB1711,22/02/2022 00:00,M,M,SG51ST
GB1025,24/02/2022 00:00,L,L,PE284RB
GB794,22/02/2022 00:00,M,M,G650GZ
GB579,20/02/2022 00:00,M,L,BD62QT
GB1226,21/02/2022 00:00,M,M,GL529HL
GB1157,20/02/2022 00:00,S,M,NR105AF
GB517,20/02/2022 00:00,S,M,M202TY
GB437,24/02/2022 00:00,M,M,LN34JG
GB557,23/02/2022 00:00,S,M,SW181AP
GB1673,22/02/2022 00:00,S,M,B688PB
GB724,24/02/2022 00:00,M,M,CF244QU
GB357,20/02/2022 00:00,L,L,DE127QF
GB693,21/02/2022 00:00,L,L,CM34TD
GB917,21/02/2022 00:00,L,L,CF51JN
GB485,21/02/2022 00:00,M,M,MK418BE
GB380,19/02/2022 00:00,M,M,SE85BN
GB1366,21/02/2022 00:00,S,M,B938LW
GB1728,20/02/2022 00:00,L,L,HR47BT
GB66,22/02/2022 00:00,S,M,OL115EX
GB578,22/02/2022 00:00,M,M,M239QB
GB1984,22/02/2022 00:00,M,M,HR49HE
GB1267,20/02/2022 00:00,L,M,S751EE
GB258,23/02/2022 00:00,M,M,WF14TL
GB482,20/02/2022 00:00,S,M,TW77AA
GB1462,22/02/2022 00:00,M,M,NN54BG
GB1944,23/02/2022 00:00,S,M,IM13ES
GB1724,20/02/2022 00:00,M,M,DE44EG
GB644,23/02/2022 00:00,L,L,BT197WA
GB1290,19/02/2022 00:00,M,M,TN221JG
GB1765,23/02/2022 00:00,M,M,G513AB
GB1910,21/02/2022 00:00,M,L,YO88GH
GB875,20/02/2022 00:00,L,L,LL486PY
GB267,21/02/2022 00:00,L,L,GU249SB
GB1429,22/02/2022 00:00,M,M,S102PB
GB411,24/02/2022 00:00,M,M,ST216NF
GB1444,19/02/2022 00:00,M,M,BR52QX
GB1200,19/02/2022 00:00,L,L,PO61DH
GB757,21/02/2022 00:00,M,L,WN24TR
GB1072,22/02/2022 00:00,M,M,NW64NB
GB1867,23/02/2022 00:00,S,M,LS236BD
GB474,21/02/2022 00:00,M,M,KA36FH
GB1005,21/02/2022 00:00,M,M,L254UE
GB1733,21/02/2022 00:00,L,M,NE614NU
GB695,22/02/2022 00:00,M,M,NP197QP
GB111,20/02/2022 00:00,M,M,GL76FS
GB672,21/02/2022 00:00,M,L,TR71RW
GB746,21/02/2022 00:00,M,M,CV59EL
GB1086,21/02/2022 00:00,M,L,OX262XN
GB1013,21/02/2022 00:00,S,M,EX25QY
GB1744,23/02/2022 00:00,S,M,SG36DE
GB295,25/02/2022 00:00,S,L,HU181TF
GB1426,20/02/2022 00:00,S,L,DE127FD
GB807,21/02/2022 00:00,S,M,ML91BL
GB1221,22/02/2022 00:00,M,L,CV225HW
GB106,24/02/2022 00:00,M,L,GU105AY
GB1587,21/02/2022 00:00,M,M,ME59EQ
GB1251,19/02/2022 00:00,M,L,CM50GA
GB292,23/02/2022 00:00,S,M,RG129TG
GB699,24/02/2022 00:00,M,M,LS104SZ
GB378,20/02/2022 00:00,M,M,SE231JS
GB1787,21/02/2022 00:00,S,M,OX93RX
GB1731,21/02/2022 00:00,M,L,RH123LH
GB91,25/02/2022 00:00,S,M,DT28XR
GB1999,21/02/2022 00:00,M,M,RM124LL
GB320,21/02/2022 00:00,M,M,CM73AP
GB1773,22/02/2022 00:00,S,M,HD97AZ
GB608,21/02/2022 00:00,M,M,ME195GB
GB1049,21/02/2022 00:00,S,M,SY45DU
GB1191,21/02/2022 00:00,M,M,CO38WP
GB1318,22/02/2022 00:00,L,M,TF28JZ
GB156,21/02/2022 00:00,L,L,RM25NR
GB1408,22/02/2022 00:00,S,M,ME156PY
GB1488,20/02/2022 00:00,M,L,SR31HG
GB142,19/02/2022 00:00,M,M,CF238RG
GB1335,21/02/2022 00:00,L,L,BA33BY
GB204,19/02/2022 00:00,S,M,CO49ST
GB451,23/02/2022 00:00,S,M,BT161XB
GB1876,19/02/2022 00:00,M,L,E140PZ
GB1559,20/02/2022 00:00,M,M,CF466EJ
GB1569,20/02/2022 00:00,M,M,BA112UY
GB1528,21/02/2022 00:00,M,M,WA158BJ
GB1417,21/02/2022 00:00,M,L,IP51JB
GB658,20/02/2022 00:00,L,M,CO58LB
GB473,24/02/2022 00:00,M,M,SO224HH
GB149,21/02/2022 00:00,L,L,DH70NW
GB1806,22/02/2022 00:00,S,M,BS207GU
GB105,19/02/2022 00:00,L,L,PO156HU
GB1476,20/02/2022 00:00,S,M,PE197GB
GB162,21/02/2022 00:00,M,M,DH15YE
GB220,19/02/2022 00:00,L,M,SY186BJ
GB234,23/02/2022 00:00,M,M,B602LH
GB244,21/02/2022 00:00,L,L,DN227JB
GB1035,22/02/2022 00:00,M,L,DY117DR
GB1562,25/02/2022 00:00,L,L,CT187SJ
GB1803,21/02/2022 00:00,M,M,AL13PJ
GB1632,19/02/2022 00:00,S,M,NG58BY
GB1309,22/02/2022 00:00,M,M,SW120JD
GB147,20/02/2022 00:00,S,M,KT190SZ
GB1136,24/02/2022 00:00,M,M,G536XD
GB1834,24/02/2022 00:00,M,L,TA11AT
GB1003,23/02/2022 00:00,M,L,G776FP
GB1720,22/02/2022 00:00,S,M,E46QS
GB1446,21/02/2022 00:00,M,M,BN18RG
GB1450,24/02/2022 00:00,M,M,FK12LF
GB1624,20/02/2022 00:00,S,M,PR97TW
GB1844,19/02/2022 00:00,S,M,BB120TE
GB511,20/02/2022 00:00,S,M,IP60HP
GB1161,24/02/2022 00:00,M,M,TQ130FB
GB864,22/02/2022 00:00,S,M,SK56UN
GB777,23/02/2022 00:00,S,M,BT251EW
GB1172,25/02/2022 00:00,M,M,LE80LD
GB1250,21/02/2022 00:00,M,M,BN37QY
GB1902,20/02/2022 00:00,L,L,SS12UJ
GB120,20/02/2022 00:00,M,M,TA116JX
GB1601,21/02/2022 00:00,M,M,EX82JP
GB1474,21/02/2022 00:00,L,M,CW57RB
GB1840,22/02/2022 00:00,S,M,SG142HJ
GB924,22/02/2022 00:00,S,M,EX81QW
GB994,23/02/2022 00:00,M,M,RM107FR
GB906,21/02/2022 00:00,M,M,LS143LD
GB1660,23/02/2022 00:00,M,L,B975LZ
GB410,20/02/2022 00:00,S,M,G760BF
GB719,21/02/2022 00:00,M,M,LU55NE
GB278,21/02/2022 00:00,L,L,WA67LZ
GB347,21/02/2022 00:00,L,L,LL185RH
GB1466,22/02/2022 00:00,L,M,OX73AA
GB1252,20/02/2022 00:00,M,M,SW183DY
GB1395,25/02/2022 00:00,M,M,SA35PF
GB660,23/02/2022 00:00,S,M,HU67EL
GB983,21/02/2022 00:00,S,M,L405TX
GB65,19/02/2022 00:00,M,M,S124EL
GB1970,20/02/2022 00:00,S,M,IP75JL
GB1689,21/02/2022 00:00,M,M,BS396YG
GB1706,19/02/2022 00:00,M,M,SN58PY
GB80,24/02/2022 00:00,M,M,PR266QL
GB1517,22/02/2022 00:00,M,M,BN220UQ
GB721,22/02/2022 00:00,M,M,WS32TF
GB526,22/02/2022 00:00,M,M,WD244YX
GB32,21/02/2022 00:00,M,L,M345RQ
GB52,20/02/2022 00:00,S,M,IP256BP
GB602,20/02/2022 00:00,S,M,HD33NY
GB1285,20/02/2022 00:00,M,M,NW53ED
GB247,19/02/2022 00:00,M,M,PE86QE
GB318,20/02/2022 00:00,M,M,SP13NG
GB582,23/02/2022 00:00,M,M,BD161QP
GB431,24/02/2022 00:00,M,M,ST78DE
GB1482,25/02/2022 00:00,S,M,M146XH
GB1081,22/02/2022 00:00,M,M,NW62NP
GB617,21/02/2022 00:00,M,M,PO376RQ
GB1989,23/02/2022 00:00,M,M,CF372LG
GB1199,23/02/2022 00:00,S,M,DH21NF
GB136,21/02/2022 00:00,L,L,G726AR
GB867,19/02/2022 00:00,S,M,OX331DH
GB1182,25/02/2022 00:00,M,M,TW94HG
GB1959,19/02/2022 00:00,L,L,SN34SR
GB828,22/02/2022 00:00,S,M,HP156AD
GB1954,20/02/2022 00:00,S,M,WA94YW
GB987,19/02/2022 00:00,M,M,WA120BJ
GB1338,21/02/2022 00:00,L,M,W148BN
GB523,20/02/2022 00:00,M,L,MK109FS
GB1026,19/02/2022 00:00,S,M,BH52BJ
GB1135,25/02/2022 00:00,S,M,NE650SD
GB1238,20/02/2022 00:00,S,M,IP14DT
GB896,22/02/2022 00:00,S,M,CW71PE
GB735,24/02/2022 00:00,M,M,BT817BD
GB1484,21/02/2022 00:00,S,M,TQ32HY
GB1337,20/02/2022 00:00,M,L,WD174JA
GB565,22/02/2022 00:00,M,L,SS73SE
GB506,22/02/2022 00:00,M,M,L14DL
GB1869,19/02/2022 00:00,M,L,SO165DE
GB968,21/02/2022 00:00,L,L,SW25HY
GB1566,20/02/2022 00:00,M,L,B297HU
GB507,20/02/2022 00:00,L,L,LA63JR
GB1627,21/02/2022 00:00,M,M,DH44NN
GB1498,22/02/2022 00:00,L,L,BH192NS
GB1379,22/02/2022 00:00,M,M,TF15NR
GB1833,19/02/2022 00:00,S,M,ME194JE
GB1662,24/02/2022 00:00,M,M,DN145JL
GB435,20/02/2022 00:00,M,M,PE196PE
GB1404,21/02/2022 00:00,L,L,W111PH
GB69,24/02/2022 00:00,S,M,S101PB
GB268,21/02/2022 00:00,M,L,B240SB
GB661,19/02/2022 00:00,M,M,G336GE
GB1551,21/02/2022 00:00,M,L,DH22UB
GB1279,19/02/2022 00:00,M,L,BN132HT
GB160,20/02/2022 00:00,M,M,SW151EX
GB257,20/02/2022 00:00,S,M,BL14AZ
GB1347,20/02/2022 00:00,M,L,GL193AT
GB980,22/02/2022 00:00,M,L,CV358DJ
GB1911,21/02/2022 00:00,L,L,BS50AE
GB1242,23/02/2022 00:00,M,M,ME101TX
GB83,19/02/2022 00:00,M,M,LL137AG
GB1479,22/02/2022 00:00,S,M,EX57BW
GB1668,24/02/2022 00:00,M,M,E106NA
GB1096,21/02/2022 00:00,M,M,CM83NZ
GB1294,24/02/2022 00:00,M,M,TR71PJ
GB409,22/02/2022 00:00,S,M,RG249EA
GB1556,22/02/2022 00:00,L,L,BD100SQ
GB100,22/02/2022 00:00,M,L,CO45QN
GB419,22/02/2022 00:00,M,M,SS129RP
GB1933,21/02/2022 00:00,M,L,NE663PJ
GB1430,24/02/2022 00:00,M,L,NP253LG
GB1067,20/02/2022 00:00,M,M,GU266FU
GB1981,20/02/2022 00:00,M,L,LU73NT
GB1699,21/02/2022 00:00,M,L,IP313TU
GB802,19/02/2022 00:00,M,M,CM13JR
GB1977,22/02/2022 00:00,M,M,HU165BG
GB498,22/02/2022 00:00,L,L,SP61GE
GB10,21/02/2022 00:00,M,M,MK404BF
GB1783,20/02/2022 00:00,S,M,PR99GJ
GB1923,24/02/2022 00:00,S,M,GL502XB
GB42,20/02/2022 00:00,M,M,GU266ED
GB1574,21/02/2022 00:00,M,M,EH89QS
GB1061,25/02/2022 00:00,L,L,NE225HG
GB118,24/02/2022 00:00,M,M,WN35RJ
GB1396,24/02/2022 00:00,M,M,SL62DY
GB272,22/02/2022 00:00,S,M,WS124WS
GB503,19/02/2022 00:00,S,M,TQ33LU
GB1697,22/02/2022 00:00,M,M,WR99EW
GB1329,24/02/2022 00:00,M,M,TS43FA
GB1522,25/02/2022 00:00,M,M,AB514TL
GB177,23/02/2022 00:00,M,M,EH12LD
GB316,21/02/2022 00:00,M,L,NG123SQ
GB1908,24/02/2022 00:00,L,L,CT11HT
GB488,22/02/2022 00:00,M,M,CO70HB
GB527,23/02/2022 00:00,M,L,BT161HU
GB385,19/02/2022 00:00,S,M,EH46NA
GB648,20/02/2022 00:00,M,M,HU46AY
GB1323,20/02/2022 00:00,S,M,WN21QT
GB1184,19/02/2022 00:00,M,M,SS11HH
GB916,20/02/2022 00:00,L,L,E176HS
GB1222,22/02/2022 00:00,M,M,LU40YR
GB649,23/02/2022 00:00,M,M,NE659YB
GB548,21/02/2022 00:00,M,M,TQ125SY
GB535,23/02/2022 00:00,S,M,TR108RE
GB1530,22/02/2022 00:00,M,L,EX379AP
GB27,21/02/2022 00:00,M,L,G663FF
GB222,23/02/2022 00:00,S,M,M68WQ
GB956,21/02/2022 00:00,L,M,M251PH
GB1304,20/02/2022 00:00,S,M,BN150DR
GB1467,20/02/2022 00:00,M,M,PR43ZL
GB1321,21/02/2022 00:00,M,M,E15JL
GB1737,21/02/2022 00:00,L,L,SE100YL
GB1382,22/02/2022 00:00,M,M,WR38TD
GB1162,20/02/2022 00:00,S,M,CV239GE
GB165,22/02/2022 00:00,S,M,NG75LR
GB310,25/02/2022 00:00,S,L,OX263ED
GB84,23/02/2022 00:00,M,M,NE156BS
GB427,21/02/2022 00:00,S,M,NR104LJ
GB1431,24/02/2022 00:00,M,M,L225PL
GB927,20/02/2022 00:00,S,M,LN11QL
GB1895,23/02/2022 00:00,M,M,DE555QQ
GB599,22/02/2022 00:00,M,M,SO183PS
GB1438,23/02/2022 00:00,S,M,DN106HB
GB43,19/02/2022 00:00,L,L,NW33LG
GB311,21/02/2022 00:00,M,M,BD207EX
GB682,23/02/2022 00:00,S,M,OX145QL
GB892,20/02/2022 00:00,M,M,BN14ZD
GB1001,19/02/2022 00:00,M,L,SP53BH
GB1988,23/02/2022 00:00,M,M,E146US
GB1535,23/02/2022 00:00,M,M,SW67SY
GB1864,19/02/2022 00:00,S,M,SR81HL
GB433,23/02/2022 00:00,M,M,S431FE
GB996,21/02/2022 00:00,M,M,TR24LX
GB1116,23/02/2022 00:00,S,M,E48NR
GB1541,20/02/2022 00:00,M,M,BN132AB
GB1478,21/02/2022 00:00,M,M,SN128AY
GB1071,24/02/2022 00:00,M,M,CT53EF
GB1173,22/02/2022 00:00,S,M,DD114HN
GB1411,23/02/2022 00:00,S,M,DA81PD
GB1392,19/02/2022 00:00,M,M,PR45RD
GB533,19/02/2022 00:00,S,M,DL30ZH
GB1558,20/02/2022 00:00,M,L,DG11QJ
GB229,20/02/2022 00:00,S,M,SK121JT
GB798,21/02/2022 00:00,M,M,PE318LH
GB215,24/02/2022 00:00,S,M,OX116HT
GB1885,24/02/2022 00:00,M,M,BR51GU
GB932,22/02/2022 00:00,M,L,SY38NZ
GB1631,22/02/2022 00:00,L,L,JE38EN
GB1314,20/02/2022 00:00,S,L,SS55BX
GB327,23/02/2022 00:00,M,L,AB106PP
GB202,22/02/2022 00:00,M,M,S603DJ
GB1278,20/02/2022 00:00,S,M,BH220JL
GB1224,23/02/2022 00:00,S,M,W120BZ
GB424,19/02/2022 00:00,M,M,L163NF
GB1831,25/02/2022 00:00,S,M,SE279QY
GB1515,20/02/2022 00:00,S,M,OL104JL
GB1087,21/02/2022 00:00,M,M,GU359NZ
GB1480,22/02/2022 00:00,M,M,SE231RS
GB251,25/02/2022 00:00,M,M,NR47HT
GB1602,21/02/2022 00:00,M,M,ST86JF
GB1618,23/02/2022 00:00,S,M,FK15QS
GB1896,21/02/2022 00:00,M,M,SO410QU
GB1755,22/02/2022 00:00,M,L,NR13JN
GB813,21/02/2022 00:00,M,M,PO202GU
GB1249,22/02/2022 00:00,L,L,KT234LF
GB50,24/02/2022 00:00,L,L,CR52DS
GB995,21/02/2022 00:00,M,M,SO166RY
GB1073,19/02/2022 00:00,S,M,RG213BY
GB303,21/02/2022 00:00,M,M,SW191UF
GB856,22/02/2022 00:00,M,M,GY68UP
GB1986,19/02/2022 00:00,M,M,NR148UA
GB369,20/02/2022 00:00,M,M,PL67QS
GB1473,21/02/2022 00:00,M,M,DN74JR
GB302,20/02/2022 00:00,S,M,TN223EG
GB248,24/02/2022 00:00,L,L,RM108NX
GB510,24/02/2022 00:00,M,M,TN299AS
GB420,22/02/2022 00:00,M,M,ME194GW
GB1609,19/02/2022 00:00,S,M,BR53DE
GB1175,21/02/2022 00:00,M,M,LU32AF
GB493,21/02/2022 00:00,M,M,IP190LN
GB1661,19/02/2022 00:00,M,L,M242WN
GB643,22/02/2022 00:00,M,M,CH643TL
GB673,21/02/2022 00:00,M,M,SR79AJ
GB1112,24/02/2022 00:00,S,M,HP25JJ
GB1380,20/02/2022 00:00,M,L,RG63DU
GB991,21/02/2022 00:00,S,M,NG123LY
GB428,25/02/2022 00:00,S,M,DE45NG
GB1670,19/02/2022 00:00,S,M,E162SQ
GB1742,25/02/2022 00:00,S,M,IG103DP
GB1336,21/02/2022 00:00,L,L,SA678PE
GB1921,25/02/2022 00:00,S,M,S728WP
GB305,20/02/2022 00:00,M,M,CV92BH
GB1972,21/02/2022 00:00,M,M,ME59ND
GB912,24/02/2022 00:00,M,L,SG86NU
GB540,25/02/2022 00:00,M,M,PL146SD
GB576,19/02/2022 00:00,S,M,HD33ZL
GB129,25/02/2022 00:00,M,M,CO151BH
GB264,24/02/2022 00:00,M,M,GY24JB
GB1656,21/02/2022 00:00,M,M,AL109GL
GB634,23/02/2022 00:00,S,M,GU149RT
GB700,20/02/2022 00:00,M,M,NE236TW
GB108,23/02/2022 00:00,L,L,SL66HH
GB1413,21/02/2022 00:00,L,L,S351SJ
GB15,23/02/2022 00:00,M,M,B422QU
GB562,21/02/2022 00:00,L,L,NN141RA
GB1617,20/02/2022 00:00,S,M,DN48TD
GB1857,23/02/2022 00:00,S,M,SN49PB
GB326,23/02/2022 00:00,M,M,YO267QR
GB1095,21/02/2022 00:00,M,L,BA16RT
GB1319,23/02/2022 00:00,L,L,BS138BE
GB1040,20/02/2022 00:00,M,L,PO93FE
GB1453,25/02/2022 00:00,S,M,LS101ER
GB739,22/02/2022 00:00,S,M,EX57FU
GB1247,19/02/2022 00:00,M,L,PR58DY
GB941,23/02/2022 00:00,M,M,GU315SW
GB1822,20/02/2022 00:00,L,L,CB74AU
GB1031,24/02/2022 00:00,S,M,SS117AS
GB835,21/02/2022 00:00,S,M,CH620AQ
GB954,22/02/2022 00:00,M,L,NW89NS
GB1202,21/02/2022 00:00,M,L,DL56LJ
GB422,24/02/2022 00:00,L,L,CB241AU
GB1477,20/02/2022 00:00,M,M,B744EL
GB1045,23/02/2022 00:00,L,L,TW170HU
GB87,24/02/2022 00:00,L,M,PO157AD
GB1968,22/02/2022 00:00,M,M,BS376JT
GB1546,23/02/2022 00:00,M,M,DA12EF
GB726,22/02/2022 00:00,L,M,TQ27BN
GB483,22/02/2022 00:00,M,M,SO505NA
GB1076,23/02/2022 00:00,M,M,TD57FA
GB910,21/02/2022 00:00,M,M,SW66SJ
GB1663,22/02/2022 00:00,M,M,CH658AH
GB629,25/02/2022 00:00,M,M,IM32JT
GB631,19/02/2022 00:00,M,L,DL131QX
GB1016,20/02/2022 00:00,M,M,PE339PJ
GB407,25/02/2022 00:00,S,M,EH143ET
GB1924,23/02/2022 00:00,M,M,IM96ES
GB722,19/02/2022 00:00,M,M,TQ59NT
GB645,20/02/2022 00:00,M,L,SS132HT
GB986,20/02/2022 00:00,M,M,SW111QB
GB1684,23/02/2022 00:00,M,L,TR13DA
GB364,23/02/2022 00:00,M,M,YO304UH
GB612,24/02/2022 00:00,M,M,BN37AF
GB154,20/02/2022 00:00,M,M,SR55TU
GB819,24/02/2022 00:00,M,M,TW89GW
GB436,21/02/2022 00:00,L,M,E149GU
GB406,19/02/2022 00:00,S,M,CA144UT
GB627,23/02/2022 00:00,M,M,KT220SQ
GB1363,22/02/2022 00:00,M,M,NE65SJ
GB1357,20/02/2022 00:00,M,L,NN155UH
GB246,20/02/2022 00:00,S,M,KY114FD
GB1730,21/02/2022 00:00,L,L,WF75NF
GB1940,22/02/2022 00:00,M,M,BA214BQ
GB313,23/02/2022 00:00,M,L,KY39JB
GB412,21/02/2022 00:00,S,M,ME90BB
GB1677,24/02/2022 00:00,S,M,AL71NS
GB1722,24/02/2022 00:00,M,M,PL340DA
GB914,25/02/2022 00:00,L,M,NW99BD
GB186,23/02/2022 00:00,L,M,SW46HA
GB677,23/02/2022 00:00,M,M,PA29LB
GB460,21/02/2022 00:00,L,L,CT11BP
GB1305,19/02/2022 00:00,M,M,DH87QD
GB508,21/02/2022 00:00,L,M,WA143LG
GB1425,19/02/2022 00:00,M,M,EX328PL
GB1936,20/02/2022 00:00,S,M,NR337NX
GB193,25/02/2022 00:00,M,M,ME74PP
GB423,23/02/2022 00:00,L,L,E162EY
GB237,22/02/2022 00:00,M,M,WF12GP
GB1114,25/02/2022 00:00,M,M,IP30PH
GB466,20/02/2022 00:00,S,M,HU88PU
GB1144,23/02/2022 00:00,M,M,B449NB
GB1516,23/02/2022 00:00,L,L,L78RW
GB1223,19/02/2022 00:00,M,M,HD59EB
GB1024,20/02/2022 00:00,M,M,NG348DY
GB38,19/02/2022 00:00,S,M,SW181RU
GB1764,22/02/2022 00:00,M,M,ME207JL
GB351,23/02/2022 00:00,S,M,YO265SH
GB161,23/02/2022 00:00,M,L,BN14QB
GB1504,23/02/2022 00:00,M,L,PE282NW
GB1543,21/02/2022 00:00,M,M,BS45EL
GB1229,20/02/2022 00:00,M,M,EN35TT
GB671,19/02/2022 00:00,M,M,GL20NT
GB1830,23/02/2022 00:00,S,M,YO124LH
GB1625,21/02/2022 00:00,L,L,SN252SJ
GB1775,21/02/2022 00:00,L,L,CF818JG
GB659,21/02/2022 00:00,S,M,EH147HS
GB976,23/02/2022 00:00,L,L,EH153AT
GB840,25/02/2022 00:00,M,L,RH123SL
GB1097,20/02/2022 00:00,S,M,SP116TQ
GB1489,21/02/2022 00:00,M,M,ME141TX
GB1454,23/02/2022 00:00,S,M,PA87BL
GB24,22/02/2022 00:00,L,L,LA130JR
GB1497,21/02/2022 00:00,M,M,NW101RJ
GB1085,20/02/2022 00:00,M,L,SO173AH
GB1633,23/02/2022 00:00,M,L,BT204RX
GB1946,21/02/2022 00:00,S,M,SO211LZ
GB1958,24/02/2022 00:00,M,M,CF329DQ
GB1448,20/02/2022 00:00,M,M,BS16ZD
GB1915,25/02/2022 00:00,S,M,GU321EH
GB429,22/02/2022 00:00,S,M,LS249RL
GB1583,23/02/2022 00:00,L,L,BS57AE
GB1344,21/02/2022 00:00,S,M,RG54DT
GB1090,21/02/2022 00:00,M,M,B610PS
GB334,21/02/2022 00:00,L,M,EH526RN
GB1799,23/02/2022 00:00,M,M,BN68BS
GB1835,23/02/2022 00:00,S,M,SE163DE
GB1748,21/02/2022 00:00,S,M,SK94BG
GB221,25/02/2022 00:00,M,M,LL145BS
GB650,24/02/2022 00:00,M,M,PO196UN
GB555,19/02/2022 00:00,S,M,NE243QQ
GB1665,21/02/2022 00:00,M,M,KA65EN
GB1520,24/02/2022 00:00,L,M,PR28LA
GB1022,23/02/2022 00:00,L,L,BH148RW
GB228,25/02/2022 00:00,L,M,ST135EJ
GB1351,21/02/2022 00:00,L,M,NR33FH
GB1110,23/02/2022 00:00,M,L,BH104FR
GB1536,19/02/2022 00:00,S,M,CM26UX
GB662,25/02/2022 00:00,S,M,M342WE
GB159,22/02/2022 00:00,M,M,NW16BA
GB1262,21/02/2022 00:00,M,M,TW197LG
GB1705,22/02/2022 00:00,M,M,SO311EU
GB1334,21/02/2022 00:00,M,M,WF127AY
GB398,25/02/2022 00:00,S,M,PO48YQ
GB1904,22/02/2022 00:00,M,M,NG26NE
GB1209,22/02/2022 00:00,M,M,BH91SB
GB1471,21/02/2022 00:00,M,M,L258SA
GB703,20/02/2022 00:00,L,L,TR165TW
GB216,24/02/2022 00:00,S,M,CH461QL
GB109,21/02/2022 00:00,M,M,CW113GL
GB1437,23/02/2022 00:00,M,M,LS31FA
GB1557,21/02/2022 00:00,M,M,DL78WA
GB1785,19/02/2022 00:00,S,M,E149WY
GB1023,21/02/2022 00:00,M,M,CA26AA
GB729,20/02/2022 00:00,S,M,WF76JG
GB1920,19/02/2022 00:00,M,M,BB30BR
GB1995,19/02/2022 00:00,S,M,GU323HX
GB1882,25/02/2022 00:00,M,M,SE192QF
GB9,21/02/2022 00:00,L,L,GU273AP
GB1105,22/02/2022 00:00,M,L,SK153EP
GB761,21/02/2022 00:00,M,M,ME169LW
GB102,21/02/2022 00:00,M,M,SS69QZ
GB1418,21/02/2022 00:00,S,M,NG118LR
GB529,21/02/2022 00:00,M,M,NE661BS
GB277,21/02/2022 00:00,L,L,BN412WQ
GB1346,24/02/2022 00:00,M,M,CV312LH
GB1352,20/02/2022 00:00,M,M,TA64ST
GB1214,23/02/2022 00:00,M,M,TD58AF
GB1815,22/02/2022 00:00,S,M,NE311AR
GB871,23/02/2022 00:00,M,M,HU107DP
GB530,20/02/2022 00:00,M,L,DN350RJ
GB939,19/02/2022 00:00,M,M,M230LL
GB639,21/02/2022 00:00,L,L,CW109QP
GB1935,20/02/2022 00:00,M,L,TN157NN
GB928,24/02/2022 00:00,M,M,AB157QS
GB1139,22/02/2022 00:00,S,M,SW148DX
GB1021,22/02/2022 00:00,M,M,E162QX
GB1501,21/02/2022 00:00,L,L,RH20TD
GB706,20/02/2022 00:00,S,M,SE37NX
GB1333,19/02/2022 00:00,M,M,CT67JZ
GB434,25/02/2022 00:00,M,M,WV50HG
GB904,20/02/2022 00:00,S,M,SM13HL
GB480,21/02/2022 00:00,L,L,SA182EZ
GB328,24/02/2022 00:00,S,M,CM14JR
GB1655,21/02/2022 00:00,M,M,GU98NT
GB1757,19/02/2022 00:00,S,M,OL27YH
GB1389,25/02/2022 00:00,S,M,B610TA
GB1281,21/02/2022 00:00,M,L,WS111TB
GB225,23/02/2022 00:00,M,M,CA26SP
GB863,25/02/2022 00:00,S,M,CB214JP
GB862,23/02/2022 00:00,M,M,BS159UF
GB1533,24/02/2022 00:00,L,L,OX141DN
GB1292,20/02/2022 00:00,L,L,EH74RF
GB1194,23/02/2022 00:00,M,M,AL37HR
GB1659,21/02/2022 00:00,S,M,HU55BY
GB405,21/02/2022 00:00,M,M,DL79NG
GB465,21/02/2022 00:00,M,M,SS71LW
GB1164,22/02/2022 00:00,M,M,NE82HP
GB716,22/02/2022 00:00,S,M,KT81QU
GB1041,20/02/2022 00:00,L,M,ME89NT
GB206,24/02/2022 00:00,S,M,PE252LW
GB1967,19/02/2022 00:00,S,M,RG48BZ
GB1496,19/02/2022 00:00,M,M,DN32AA
GB1879,21/02/2022 00:00,L,L,WF82UL
GB616,23/02/2022 00:00,M,M,LA130HE
GB288,25/02/2022 00:00,L,L,WR53LN
GB1907,19/02/2022 00:00,M,L,NG348TX
GB1231,21/02/2022 00:00,M,M,DE150TH
GB988,19/02/2022 00:00,S,M,WS152BU
GB1969,25/02/2022 00:00,M,L,GL155FQ
GB187,25/02/2022 00:00,S,M,CV358JN
GB1630,21/02/2022 00:00,M,M,NP40RR
GB586,21/02/2022 00:00,M,M,RH27LU
GB1701,20/02/2022 00:00,L,L,CF329DA
GB176,22/02/2022 00:00,M,M,KT26DR
GB1032,25/02/2022 00:00,M,M,N154NW
GB1564,24/02/2022 00:00,M,M,E32UR
GB588,20/02/2022 00:00,M,M,CR69HQ
GB953,22/02/2022 00:00,M,L,SK42AP
GB146,22/02/2022 00:00,M,L,NE311YW
GB314,22/02/2022 00:00,L,M,DH31GD
GB1790,19/02/2022 00:00,S,M,MK437ED
GB1390,20/02/2022 00:00,S,M,PR23QN
GB92,19/02/2022 00:00,S,M,HP24AN
GB245,21/02/2022 00:00,S,M,NR70QX
GB1401,22/02/2022 00:00,L,L,SW156NZ
GB185,19/02/2022 00:00,S,M,SO314HW
GB1982,20/02/2022 00:00,M,M,YO243EZ
GB667,22/02/2022 00:00,M,M,LS254EG
GB902,24/02/2022 00:00,M,M,SG51NQ
GB1406,21/02/2022 00:00,M,M,GL71HL
GB317,20/02/2022 00:00,S,M,DN122DU
GB1499,20/02/2022 00:00,M,L,RM30YJ
GB522,20/02/2022 00:00,M,M,LE28PF
GB1131,20/02/2022 00:00,M,M,N102LS
GB1393,21/02/2022 00:00,M,M,SG142BS
GB1302,21/02/2022 00:00,M,M,SY59BT
GB514,22/02/2022 00:00,L,M,EH105SG
GB748,22/02/2022 00:00,M,L,SO199PZ
GB252,21/02/2022 00:00,M,L,E27JE
GB1254,23/02/2022 00:00,S,M,GL29FB
GB1975,19/02/2022 00:00,M,L,BH154PT
GB1540,23/02/2022 00:00,M,L,NG179JS
GB1010,19/02/2022 00:00,S,M,B675BD
GB1018,19/02/2022 00:00,M,L,DN124LR
GB1187,20/02/2022 00:00,M,M,PE292ND
GB1483,24/02/2022 00:00,M,M,NE380HX
GB637,22/02/2022 00:00,L,L,S254BQ
GB870,21/02/2022 00:00,S,M,PO305LT
GB413,21/02/2022 00:00,S,M,EN76HD
GB1912,20/02/2022 00:00,L,L,SA66LH
GB1203,20/02/2022 00:00,L,L,WD37EG
GB725,23/02/2022 00:00,L,L,NN56AJ
GB1929,19/02/2022 00:00,L,L,GL518LQ
GB29,21/02/2022 00:00,M,L,NE348PD
GB985,23/02/2022 00:00,M,M,BT236TX
GB242,22/02/2022 00:00,L,L,SW66HD
GB211,22/02/2022 00:00,S,M,B927EU
GB1555,22/02/2022 00:00,S,M,BD236QD
GB1671,19/02/2022 00:00,M,M,CA12AB
GB1635,20/02/2022 00:00,M,M,S636GB
GB1427,21/02/2022 00:00,M,M,SW65TW
GB861,21/02/2022 00:00,S,M,RM41UA
GB1034,20/02/2022 00:00,M,M,GU13HX
GB605,22/02/2022 00:00,L,M,CW82SS
GB564,20/02/2022 00:00,M,M,BA227LN
GB504,19/02/2022 00:00,M,M,DE232TG
GB931,21/02/2022 00:00,M,L,NP234TF
GB889,21/02/2022 00:00,L,M,EX164NP
GB973,22/02/2022 00:00,M,M,CH662YG
GB1917,21/02/2022 00:00,M,M,SS25JZ
GB1837,20/02/2022 00:00,S,M,SW49JS
GB418,23/02/2022 00:00,M,M,CT47DJ
GB808,25/02/2022 00:00,S,M,DT47TW
GB1647,23/02/2022 00:00,M,M,BN125LB
GB614,22/02/2022 00:00,M,M,CM16YW
GB452,22/02/2022 00:00,L,M,AB107FJ
GB89,22/02/2022 00:00,L,M,RH204AZ
GB1934,21/02/2022 00:00,M,L,PE296JP
GB1440,20/02/2022 00:00,S,M,HA37QA
GB259,24/02/2022 00:00,M,M,PE100EE
GB1220,20/02/2022 00:00,M,M,BH137AA
GB298,22/02/2022 00:00,M,M,TR115GS
GB1070,23/02/2022 00:00,M,M,SA66EG
GB625,24/02/2022 00:00,M,M,TW148FN
GB1886,19/02/2022 00:00,M,M,FY78HR
GB1838,19/02/2022 00:00,S,M,EH91EA
GB1909,20/02/2022 00:00,M,M,DG112HG
GB771,25/02/2022 00:00,M,M,IP144DL
GB607,21/02/2022 00:00,S,M,OX143QF
GB583,19/02/2022 00:00,S,L,G444RT
GB249,22/02/2022 00:00,S,M,SW84UU
GB1823,21/02/2022 00:00,L,L,BN25JU
GB1091,22/02/2022 00:00,M,L,TN104PJ
GB758,21/02/2022 00:00,M,M,IP15DE
GB1900,21/02/2022 00:00,M,M,MK441RR
GB797,21/02/2022 00:00,M,M,SE11YF
GB269,20/02/2022 00:00,M,M,L98AJ
GB1253,23/02/2022 00:00,L,L,IM24AA
GB1578,19/02/2022 00:00,M,L,M460AB
GB1020,22/02/2022 00:00,M,M,FY54JG
GB1683,21/02/2022 00:00,M,M,CF244JX
GB344,25/02/2022 00:00,S,M,LE99NR
GB125,20/02/2022 00:00,S,M,EX46LS
GB1976,22/02/2022 00:00,M,M,IP256SJ
GB1092,21/02/2022 00:00,S,M,WN50DN
GB838,22/02/2022 00:00,S,M,PL242JB
GB1306,19/02/2022 00:00,S,M,SP20FR
GB958,20/02/2022 00:00,M,M,N129TX
GB5,19/02/2022 00:00,M,M,GU14HW
GB1127,21/02/2022 00:00,M,M,LE74WB
GB384,23/02/2022 00:00,M,M,BT423LG
GB1581,21/02/2022 00:00,M,M,PR33EG
GB784,20/02/2022 00:00,M,M,BA21EH
GB827,19/02/2022 00:00,L,L,NG209AH
GB859,23/02/2022 00:00,L,L,LE41AN
GB14,21/02/2022 00:00,L,M,BA228SF
GB841,23/02/2022 00:00,M,M,SN252TH
GB1397,22/02/2022 00:00,M,M,IM94LS
GB1545,19/02/2022 00:00,S,M,N194QN
GB1168,19/02/2022 00:00,S,M,E114AA
GB386,21/02/2022 00:00,M,M,PL22AF
GB730,22/02/2022 00:00,M,M,B634RT
GB172,21/02/2022 00:00,L,M,SO165LL
GB164,20/02/2022 00:00,M,L,LS131AL
GB630,19/02/2022 00:00,M,M,RH123RD
GB587,20/02/2022 00:00,M,L,CT170SA
GB905,21/02/2022 00:00,L,L,B312GU
GB768,24/02/2022 00:00,S,M,DN118BA
GB1326,25/02/2022 00:00,S,M,NE331SH
GB1282,21/02/2022 00:00,M,M,GU111FJ
GB179,19/02/2022 00:00,S,M,CF365SN
GB1918,23/02/2022 00:00,M,M,DD83RH
GB1195,20/02/2022 00:00,S,M,LE127JW
GB448,20/02/2022 00:00,M,M,DY117EG
GB18,21/02/2022 00:00,L,L,CH457NL
GB1776,21/02/2022 00:00,M,M,E50JR
GB1868,25/02/2022 00:00,M,M,NE298EN
GB1692,21/02/2022 00:00,M,M,CO59PL
GB1015,21/02/2022 00:00,M,M,SG85GR
GB822,19/02/2022 00:00,S,M,BH316JD
GB1549,20/02/2022 00:00,M,M,LS255GG
GB581,21/02/2022 00:00,S,M,CH52FW
GB594,22/02/2022 00:00,L,L,L212QH
GB233,21/02/2022 00:00,M,M,CF51DX
GB1391,20/02/2022 00:00,M,M,RG28ED
GB1188,24/02/2022 00:00,L,M,SK223EX
GB1526,22/02/2022 00:00,S,M,NR103SU
GB348,21/02/2022 00:00,S,M,E112SW
GB271,19/02/2022 00:00,S,M,AB116XR
GB1905,23/02/2022 00:00,M,M,L120BP
GB1807,23/02/2022 00:00,S,M,S38DF
GB654,21/02/2022 00:00,M,L,EX313DT
GB1198,22/02/2022 00:00,S,M,WD37PN
GB1741,19/02/2022 00:00,S,M,LL401PW
GB1384,21/02/2022 00:00,S,M,W60EF
GB158,19/02/2022 00:00,M,M,W39RG
GB1201,21/02/2022 00:00,M,M,LE168EU
GB515,19/02/2022 00:00,M,M,HP217AQ
GB1619,19/02/2022 00:00,S,M,NE129SP
GB1955,19/02/2022 00:00,M,M,SW90JP
GB1532,21/02/2022 00:00,M,M,B240JD
GB1311,24/02/2022 00:00,M,M,B601JX
GB1688,22/02/2022 00:00,L,L,BL83HG
GB950,23/02/2022 00:00,M,L,RG45DG
GB878,20/02/2022 00:00,L,L,SL63QE
GB1947,24/02/2022 00:00,S,M,LE26AW
GB1507,22/02/2022 00:00,M,M,WR103NB
GB501,23/02/2022 00:00,L,L,CH54UZ
GB1891,22/02/2022 00:00,S,M,LE676AH
GB1800,22/02/2022 00:00,M,L,JE23GY
GB887,21/02/2022 00:00,M,L,FY60HE
GB569,23/02/2022 00:00,S,M,PE47DP
GB322,24/02/2022 00:00,M,M,ME122HS
GB770,21/02/2022 00:00,S,M,G208NX
GB1077,20/02/2022 00:00,M,M,GL22BU
GB195,22/02/2022 00:00,M,M,B790JW
GB349,20/02/2022 00:00,S,M,WN57GB
GB1218,19/02/2022 00:00,M,L,SK121LR
GB676,22/02/2022 00:00,M,M,L181HW
GB521,22/02/2022 00:00,L,L,E162GS
GB1819,19/02/2022 00:00,M,L,W30LG
GB1206,21/02/2022 00:00,M,M,RG218AX
GB208,21/02/2022 00:00,L,L,M297SY
GB19,20/02/2022 00:00,S,L,LE113RJ
GB1780,21/02/2022 00:00,L,L,SE13GG
GB30,20/02/2022 00:00,M,M,KY155PS
GB1906,21/02/2022 00:00,S,M,SE12BQ
GB1846,20/02/2022 00:00,S,M,BS348QN
GB715,24/02/2022 00:00,M,M,PA160HN
GB633,20/02/2022 00:00,S,M,TQ97RA
GB1154,21/02/2022 00:00,M,M,CM40JU
GB1575,23/02/2022 00:00,L,M,NP194AH
GB376,23/02/2022 00:00,M,M,TW118BL
GB1029,22/02/2022 00:00,M,M,SW120JJ
GB1387,24/02/2022 00:00,M,M,BN72JF
GB833,19/02/2022 00:00,L,L,SG189FT
GB922,21/02/2022 00:00,M,M,RM176UZ
GB1715,20/02/2022 00:00,M,M,DL167YF
GB362,21/02/2022 00:00,L,M,MK178EJ
GB1042,21/02/2022 00:00,M,M,RH41PT
GB1284,20/02/2022 00:00,L,L,PH107AH
GB830,20/02/2022 00:00,M,M,ML38TL
GB1414,21/02/2022 00:00,M,M,NN46JN
GB226,24/02/2022 00:00,L,L,PO80ER
GB70,25/02/2022 00:00,S,M,KY13AP
GB1943,19/02/2022 00:00,M,M,LL299BS
GB1847,20/02/2022 00:00,M,M,G326NR
GB198,19/02/2022 00:00,M,M,E130AH
GB475,20/02/2022 00:00,S,M,NN126DZ
GB132,22/02/2022 00:00,L,L,JE34EJ
GB1721,21/02/2022 00:00,S,M,BA26BW
GB1771,20/02/2022 00:00,M,M,CV49AZ
GB593,23/02/2022 00:00,S,M,CT54QN
GB255,25/02/2022 00:00,M,M,HG13AH
GB190,21/02/2022 00:00,L,M,SE15RL
GB1508,21/02/2022 00:00,M,M,SG120XP
GB1409,19/02/2022 00:00,M,M,LL128LB
GB425,20/02/2022 00:00,M,M,NG243WX
GB1268,21/02/2022 00:00,L,L,N193RD
GB688,21/02/2022 00:00,M,L,SL63XR
GB1615,21/02/2022 00:00,M,L,CH458QH
GB101,20/02/2022 00:00,S,M,KT58JB
GB731,23/02/2022 00:00,M,M,LS279PB
GB1754,22/02/2022 00:00,L,M,LN34GL
GB1325,22/02/2022 00:00,S,M,SE114JJ
GB1373,25/02/2022 00:00,S,M,TF29FY
GB209,21/02/2022 00:00,M,M,BS35JD
GB363,19/02/2022 00:00,M,M,DN93EF
GB1736,22/02/2022 00:00,L,L,W149ED
GB945,25/02/2022 00:00,M,M,CM98PR
GB1140,22/02/2022 00:00,M,M,PE29SN
GB1637,21/02/2022 00:00,M,M,SE279QW
GB1012,21/02/2022 00:00,L,L,SY245NU
GB487,23/02/2022 00:00,M,L,RG248WE
GB263,21/02/2022 00:00,M,M,W148BE
GB642,19/02/2022 00:00,M,M,WF179BS
GB1171,20/02/2022 00:00,S,M,DH34LW
GB254,21/02/2022 00:00,M,M,ME206QH
GB266,23/02/2022 00:00,L,L,WD250AD
GB1360,21/02/2022 00:00,M,M,SK144TT
GB1962,22/02/2022 00:00,M,M,SS72ED
GB339,19/02/2022 00:00,S,M,ST32BZ
GB496,21/02/2022 00:00,M,M,WA57WB
GB408,23/02/2022 00:00,S,M,WD245LH
GB1889,19/02/2022 00:00,M,M,LL198YE
GB936,21/02/2022 00:00,L,L,TQ137AP
GB1460,19/02/2022 00:00,S,M,CH51LD
GB390,25/02/2022 00:00,M,L,B783QL
GB414,24/02/2022 00:00,M,M,BS312BS
GB417,20/02/2022 00:00,S,M,SA626NG
GB174,21/02/2022 00:00,S,M,SO507QG
GB181,20/02/2022 00:00,S,M,ST71FA
GB1855,22/02/2022 00:00,M,M,DD84LB
GB286,19/02/2022 00:00,M,M,SW99JN
GB1567,21/02/2022 00:00,M,L,CV114LG
GB397,23/02/2022 00:00,S,M,CW57GD
GB736,24/02/2022 00:00,M,M,L360TU
GB1327,21/02/2022 00:00,S,M,AL71QT
GB469,22/02/2022 00:00,S,M,WV45NB
GB1743,20/02/2022 00:00,S,M,L323XY
GB81,25/02/2022 00:00,M,M,OL12RR
GB219,20/02/2022 00:00,M,M,WV111ND
GB12,20/02/2022 00:00,S,L,EX327EP
GB1342,22/02/2022 00:00,M,L,NN114JJ
GB1178,19/02/2022 00:00,S,M,CB74YH
GB696,25/02/2022 00:00,S,M,M94ZA
GB1099,22/02/2022 00:00,M,M,W129HU
GB752,23/02/2022 00:00,M,M,SO314HH
GB371,21/02/2022 00:00,S,M,SW178NN
GB1124,23/02/2022 00:00,L,M,PR251FG
GB367,21/02/2022 00:00,M,M,SW112BL
GB1675,23/02/2022 00:00,S,M,CT54AB
GB168,24/02/2022 00:00,L,L,CM227BA
GB681,20/02/2022 00:00,M,M,S182FA
GB1916,22/02/2022 00:00,M,M,SN169UF
GB640,21/02/2022 00:00,M,M,SS71FF
GB1064,21/02/2022 00:00,L,L,BD183DH
GB668,20/02/2022 00:00,M,M,WF41BY
GB167,23/02/2022 00:00,M,M,G329BT
GB981,21/02/2022 00:00,M,L,E175PX
GB329,21/02/2022 00:00,M,M,DD53PE
GB330,19/02/2022 00:00,S,M,IP286ER
GB1890,25/02/2022 00:00,S,M,DN25TP
GB1133,19/02/2022 00:00,S,M,LS249PD
GB1524,19/02/2022 00:00,S,M,DH11JS
GB1805,25/02/2022 00:00,M,L,SN105LB
GB897,20/02/2022 00:00,L,M,RH158GJ
GB1979,21/02/2022 00:00,M,M,TN219DF
GB970,19/02/2022 00:00,S,M,NP109PU
GB1298,19/02/2022 00:00,S,L,NG182SF
GB1280,23/02/2022 00:00,L,L,SS67SE
GB1758,21/02/2022 00:00,M,M,ME80PX
GB1216,22/02/2022 00:00,M,M,BS329TB
GB773,22/02/2022 00:00,M,M,SE182NG
GB965,22/02/2022 00:00,L,M,PE15AX
GB598,21/02/2022 00:00,M,M,B617LJ
GB1219,21/02/2022 00:00,M,M,SE120UT
GB192,21/02/2022 00:00,M,M,BA35EQ
GB766,23/02/2022 00:00,M,M,E1W3TJ
GB455,20/02/2022 00:00,M,M,IP288HZ
GB1512,21/02/2022 00:00,M,L,CO63EF
GB184,24/02/2022 00:00,L,M,LE96WA
GB1313,21/02/2022 00:00,M,M,TW153BJ
GB4,22/02/2022 00:00,M,M,MK441DU
GB1286,21/02/2022 00:00,M,M,E162SZ
GB1,21/02/2022 00:00,M,L,CV107AT
GB679,21/02/2022 00:00,M,M,BA34WS
GB1739,21/02/2022 00:00,S,M,CH458LH
GB1769,24/02/2022 00:00,S,M,DA75NH
GB849,20/02/2022 00:00,M,M,DN110ZF
GB592,20/02/2022 00:00,S,M,BA128NH
GB883,21/02/2022 00:00,L,L,M54SU
GB1563,23/02/2022 00:00,M,M,GU147QU
GB1236,21/02/2022 00:00,M,M,SO515AW
GB698,19/02/2022 00:00,M,L,PL65LG
GB1138,23/02/2022 00:00,S,M,BN424WE
GB464,21/02/2022 00:00,M,M,LS270RR
GB438,22/02/2022 00:00,S,M,YO130HS
GB338,25/02/2022 00:00,S,M,AB510UY
GB1983,21/02/2022 00:00,M,M,WN88PY
GB789,20/02/2022 00:00,M,L,GL530AR
GB1770,21/02/2022 00:00,S,M,B618DD
GB951,20/02/2022 00:00,M,M,DA15TT
GB1243,24/02/2022 00:00,S,M,WA14QR
GB1060,21/02/2022 00:00,M,M,EX165JP
GB651,22/02/2022 00:00,M,M,YO304XN
GB1317,22/02/2022 00:00,S,M,CW74EL
GB377,23/02/2022 00:00,M,L,LU33UP
GB1525,23/02/2022 00:00,M,M,RG14DX
GB1006,20/02/2022 00:00,L,M,NR351LE
GB85,21/02/2022 00:00,M,L,WN72BF
GB495,21/02/2022 00:00,M,M,DG89HZ
GB937,21/02/2022 00:00,L,L,HP84EX
GB1828,21/02/2022 00:00,S,M,PO326EW
GB169,19/02/2022 00:00,S,M,EX48AS
GB938,20/02/2022 00:00,M,M,N112QE
GB1207,20/02/2022 00:00,M,M,PR44ZH
GB816,20/02/2022 00:00,S,L,SR68JJ
GB785,22/02/2022 00:00,M,M,CM20EJ
GB1039,21/02/2022 00:00,M,L,CV345LW
GB992,20/02/2022 00:00,S,M,HP202JH
GB1652,24/02/2022 00:00,M,M,CT46YG
GB388,21/02/2022 00:00,M,M,LA62QL
GB550,23/02/2022 00:00,M,M,ST195SE
GB692,22/02/2022 00:00,M,M,AL37PB
GB1052,24/02/2022 00:00,M,M,LL319HD
GB1622,25/02/2022 00:00,S,M,HD33AG
GB358,24/02/2022 00:00,M,L,CM195HS
GB1738,21/02/2022 00:00,L,L,DE65PJ
GB150,21/02/2022 00:00,M,M,SW128AE
GB1445,23/02/2022 00:00,M,M,BS140PL
GB998,20/02/2022 00:00,L,L,CM82LH
GB54,25/02/2022 00:00,M,M,NR135FL
GB1359,22/02/2022 00:00,M,L,ME156RT
GB1147,20/02/2022 00:00,S,M,OX42UG
GB1991,20/02/2022 00:00,S,M,RH159SE
GB1283,22/02/2022 00:00,L,L,CM132HS
GB702,21/02/2022 00:00,M,M,SE13GP
GB1795,21/02/2022 00:00,M,M,BN69XD
GB1464,20/02/2022 00:00,M,L,CO101QW
GB178,25/02/2022 00:00,S,M,LE167TU
GB20,21/02/2022 00:00,M,L,CM34SS
GB762,24/02/2022 00:00,M,M,BD231NQ
GB884,21/02/2022 00:00,M,M,CW57HU
GB28,21/02/2022 00:00,M,M,HD96ET
GB341,23/02/2022 00:00,S,M,DN68LZ
GB1873,20/02/2022 00:00,M,M,TR164NQ
GB959,20/02/2022 00:00,M,M,BN28PH
GB1938,23/02/2022 00:00,L,M,SL85DL
GB1620,24/02/2022 00:00,M,M,EH128QY
GB353,24/02/2022 00:00,M,M,BD232EE
GB335,23/02/2022 00:00,S,M,G117RD
GB946,22/02/2022 00:00,S,M,CM98EE
GB1848,24/02/2022 00:00,M,M,GU113PU
GB94,21/02/2022 00:00,L,L,EH549NJ
GB395,21/02/2022 00:00,S,M,BS28PS
GB396,21/02/2022 00:00,S,M,TW13ER
GB1388,22/02/2022 00:00,S,M,L87PP
GB636,21/02/2022 00:00,M,M,BN114GA
GB1572,23/02/2022 00:00,M,M,OX154EU
GB1469,21/02/2022 00:00,L,L,BA116SW
GB1269,21/02/2022 00:00,S,M,WN80DE
GB524,21/02/2022 00:00,S,M,M85YB
GB213,23/02/2022 00:00,M,M,W111AD
GB1708,21/02/2022 00:00,L,L,DT95QF
GB701,21/02/2022 00:00,M,L,SW115QR
GB539,25/02/2022 00:00,S,M,YO305RA
GB1816,23/02/2022 00:00,M,M,LE128AH
GB525,19/02/2022 00:00,S,M,MK109NL
GB831,24/02/2022 00:00,S,M,G149LU
GB1881,22/02/2022 00:00,L,M,CV364NR
GB1121,21/02/2022 00:00,M,M,NN141JT
GB1260,19/02/2022 00:00,M,M,TS175BH
GB416,19/02/2022 00:00,S,M,DN59SX
GB1781,21/02/2022 00:00,M,M,W149BG
GB929,25/02/2022 00:00,S,M,NW24JT
GB1475,22/02/2022 00:00,L,L,NP205QS
GB1145,24/02/2022 00:00,M,M,CM202LN
GB127,19/02/2022 00:00,S,M,BA147EN
GB171,25/02/2022 00:00,M,M,GL537HG
GB1057,24/02/2022 00:00,M,M,G642NF
GB1449,19/02/2022 00:00,S,M,TS197DJ
GB1275,21/02/2022 00:00,M,L,CR81DX
GB1107,21/02/2022 00:00,L,L,LA130HL
GB51,20/02/2022 00:00,M,M,NP120EL
GB11,22/02/2022 00:00,M,M,RG412XY
GB733,21/02/2022 00:00,M,M,KT205EG
GB440,21/02/2022 00:00,L,L,WA103UY
GB974,25/02/2022 00:00,M,M,KT227XB
GB850,25/02/2022 00:00,S,M,B744EF
GB717,22/02/2022 00:00,L,L,WR25FA
GB1123,22/02/2022 00:00,M,M,YO265AT
GB685,24/02/2022 00:00,M,M,KT228PG
GB1750,23/02/2022 00:00,M,M,SY39JW
GB1552,20/02/2022 00:00,M,L,SN22ST
GB877,21/02/2022 00:00,M,M,RH12FQ
GB1050,22/02/2022 00:00,S,M,PE284GT
GB997,22/02/2022 00:00,M,L,CB62AF
GB1590,19/02/2022 00:00,S,M,BH93PJ
GB315,19/02/2022 00:00,M,M,CF104ET
GB354,25/02/2022 00:00,L,M,GL34UG
GB1348,19/02/2022 00:00,S,M,CB244RT
GB1177,23/02/2022 00:00,S,M,DE61AT
GB1678,24/02/2022 00:00,M,M,S101BD
GB1118,20/02/2022 00:00,M,M,TD13NG
GB1883,20/02/2022 00:00,M,M,CO101QH
GB1579,24/02/2022 00:00,L,M,NG165FF
GB920,22/02/2022 00:00,M,L,CM226SD
GB1502,19/02/2022 00:00,S,M,BN115JX
GB309,23/02/2022 00:00,M,L,IM33BD
GB653,19/02/2022 00:00,S,M,RG224EJ
GB749,20/02/2022 00:00,M,L,CB12FS
GB923,21/02/2022 00:00,S,M,BH123AF
GB1629,21/02/2022 00:00,L,L,CB29FU
GB1367,19/02/2022 00:00,S,M,B360LW
GB532,19/02/2022 00:00,M,L,BB48FF
GB1011,20/02/2022 00:00,M,L,HU80ET
GB1422,22/02/2022 00:00,L,L,B645DB
GB1952,21/02/2022 00:00,L,L,NW103ED
GB1053,20/02/2022 00:00,M,L,KA228DR
GB1565,19/02/2022 00:00,M,M,L196QA
GB957,19/02/2022 00:00,M,M,MK417DP
GB207,23/02/2022 00:00,M,M,NN40TD
GB1994,24/02/2022 00:00,S,M,BT557AH
GB1055,22/02/2022 00:00,M,M,SN148JW
GB1442,22/02/2022 00:00,M,M,OX39NB
GB1094,21/02/2022 00:00,M,L,NN56YG
GB489,20/02/2022 00:00,M,M,EH548QB
GB1638,22/02/2022 00:00,M,M,SA54NG
GB930,21/02/2022 00:00,L,L,W54TB
GB492,19/02/2022 00:00,M,L,GU337PQ
GB687,21/02/2022 00:00,M,M,LN42DP
GB964,23/02/2022 00:00,L,L,S59QB
GB1634,20/02/2022 00:00,M,M,SW194LW
GB1928,20/02/2022 00:00,M,M,ME37NF
GB1166,25/02/2022 00:00,M,M,S25LW
GB1495,24/02/2022 00:00,M,M,LE97AW
GB846,22/02/2022 00:00,L,M,CO70NW
GB337,22/02/2022 00:00,M,M,EX28FP
GB331,22/02/2022 00:00,M,M,PE244DX
GB680,21/02/2022 00:00,S,M,CR42BA
GB635,21/02/2022 00:00,L,M,SE229EA
GB1636,19/02/2022 00:00,M,M,CM120GE
GB792,19/02/2022 00:00,M,M,CR36PQ
GB1435,22/02/2022 00:00,M,M,SS89SA
GB1033,20/02/2022 00:00,M,M,OX161EQ
GB718,20/02/2022 00:00,M,M,TS255ED
GB1167,19/02/2022 00:00,S,M,PO107RR
GB1789,25/02/2022 00:00,M,L,WA110YS
GB1312,23/02/2022 00:00,L,L,DH61RN
GB1048,20/02/2022 00:00,M,M,KA55RH
GB1258,20/02/2022 00:00,S,M,B761TE
GB1592,23/02/2022 00:00,M,M,CH454RA
GB665,21/02/2022 00:00,L,L,LU63JZ
GB1452,21/02/2022 00:00,S,M,FK54QJ
GB230,19/02/2022 00:00,S,M,SW1W0QH
GB121,21/02/2022 00:00,M,M,CW100SE
GB1432,20/02/2022 00:00,M,M,TD152EJ
GB1331,20/02/2022 00:00,S,M,SE164UJ
GB509,25/02/2022 00:00,S,L,LS29LN
GB1793,22/02/2022 00:00,M,M,TW93BY
GB1296,23/02/2022 00:00,M,L,KT48UE
GB1129,23/02/2022 00:00,L,L,SN47QW
GB866,24/02/2022 00:00,M,M,OX20ES
GB960,22/02/2022 00:00,L,L,YO265SD
GB1257,24/02/2022 00:00,S,M,NR323QR
GB117,25/02/2022 00:00,M,M,HA54RF
GB214,19/02/2022 00:00,M,M,GU350RF
GB1542,21/02/2022 00:00,M,L,RG456TP
GB291,21/02/2022 00:00,M,M,WA143HU
GB1798,19/02/2022 00:00,M,L,CM133RH
GB383,20/02/2022 00:00,M,M,OX120FQ
GB471,19/02/2022 00:00,S,M,GL517BQ
GB58,19/02/2022 00:00,S,M,SG127HJ
GB1693,24/02/2022 00:00,M,M,RM191ZX
GB876,21/02/2022 00:00,L,L,UB40AD
GB1843,23/02/2022 00:00,S,M,WS33LT
GB450,24/02/2022 00:00,M,M,BH89HZ
GB573,21/02/2022 00:00,S,M,SE249JQ
GB7,20/02/2022 00:00,M,M,DE58RP
GB112,20/02/2022 00:00,M,M,HU128HR
GB494,21/02/2022 00:00,M,L,SM27HJ
GB1510,22/02/2022 00:00,M,L,MK93FS
GB1328,19/02/2022 00:00,S,M,NE138AZ
GB137,21/02/2022 00:00,M,M,NW118NP
GB340,19/02/2022 00:00,M,M,EH142NU
GB153,23/02/2022 00:00,M,M,BA26JY
GB1667,25/02/2022 00:00,M,M,PL254NX
GB1919,19/02/2022 00:00,L,M,SW72QT
GB1109,20/02/2022 00:00,M,M,ML13US
GB1125,20/02/2022 00:00,M,L,SG99GY
GB595,19/02/2022 00:00,M,M,RH16HG
GB1734,21/02/2022 00:00,M,M,EN61QD
GB308,19/02/2022 00:00,M,M,WR97NL
GB1732,20/02/2022 00:00,M,M,SW156LD
GB750,20/02/2022 00:00,M,M,SW65EA
GB1951,21/02/2022 00:00,M,L,NE209HH
GB656,21/02/2022 00:00,M,M,ME86SG
GB1749,22/02/2022 00:00,S,M,BA227JY
GB97,20/02/2022 00:00,L,L,HU139AE
GB1494,20/02/2022 00:00,M,M,AB118SD
GB1235,20/02/2022 00:00,M,L,CM71WG
GB505,23/02/2022 00:00,S,M,HP180LN
GB1424,19/02/2022 00:00,S,M,S123DT
GB1270,21/02/2022 00:00,M,M,SO302LP
GB874,20/02/2022 00:00,M,M,LS157DD
GB1239,25/02/2022 00:00,M,M,CB13TU
GB969,21/02/2022 00:00,M,M,LE174UP
GB1628,21/02/2022 00:00,M,L,HP109ED
GB834,25/02/2022 00:00,M,L,PE316SP
GB786,21/02/2022 00:00,M,L,ST37TL
GB1580,21/02/2022 00:00,L,M,EX30AW
GB1818,21/02/2022 00:00,M,M,HP180GB
GB1704,24/02/2022 00:00,M,L,EN55FS
GB1234,21/02/2022 00:00,M,L,DH21LS
GB289,23/02/2022 00:00,L,L,UB31NH
GB613,19/02/2022 00:00,S,M,E149HR
GB1607,23/02/2022 00:00,S,M,SA733PG
GB1862,21/02/2022 00:00,M,M,BH152FY
GB1368,19/02/2022 00:00,M,M,MK178GW
GB476,23/02/2022 00:00,M,M,GL504EX
GB1623,22/02/2022 00:00,M,M,FK20GN
GB457,21/02/2022 00:00,M,M,RG29TA
GB432,23/02/2022 00:00,M,M,G759PG
GB1205,21/02/2022 00:00,M,L,LE143XY
GB1241,22/02/2022 00:00,M,M,GU229PW
GB709,19/02/2022 00:00,L,L,YO233GB
GB913,22/02/2022 00:00,M,M,B237SX
GB1576,22/02/2022 00:00,M,M,RG198EN
GB1088,20/02/2022 00:00,M,L,CT94BJ
GB1289,19/02/2022 00:00,M,L,EH519HU
GB984,22/02/2022 00:00,L,L,ST150RQ
GB1702,20/02/2022 00:00,M,M,NR33JY
GB585,22/02/2022 00:00,M,M,DE78GY
GB1810,19/02/2022 00:00,L,M,SE156GW
GB1102,21/02/2022 00:00,M,M,PL125EL
GB860,21/02/2022 00:00,M,M,HA37UB
GB1974,23/02/2022 00:00,L,L,L317DR
GB82,21/02/2022 00:00,S,M,TQ69AB
GB1159,23/02/2022 00:00,M,M,SG86NG
GB1398,21/02/2022 00:00,L,L,CF104EB
GB778,24/02/2022 00:00,M,M,BT782DH
GB359,23/02/2022 00:00,M,L,YO126NJ
GB710,19/02/2022 00:00,M,M,EH125RR
GB1913,20/02/2022 00:00,S,M,HP100SR
GB1402,20/02/2022 00:00,S,M,CF833SS
GB760,20/02/2022 00:00,M,M,GL40TT
GB799,20/02/2022 00:00,M,M,TA11NY
GB1674,21/02/2022 00:00,S,M,YO85NP
GB1245,20/02/2022 00:00,S,M,PO40JY
GB227,22/02/2022 00:00,M,M,SW47JD
GB955,23/02/2022 00:00,M,L,LA231DW
GB1465,21/02/2022 00:00,M,M,CT29EE
GB1586,21/02/2022 00:00,M,L,L243TR
GB1151,24/02/2022 00:00,M,M,BN33WH
GB1613,20/02/2022 00:00,S,M,EN110LP
GB1937,21/02/2022 00:00,M,M,CF104ET
GB1718,19/02/2022 00:00,M,M,RG141SG
GB1860,20/02/2022 00:00,L,L,IG88QQ
GB609,25/02/2022 00:00,L,M,RG15RJ
GB48,23/02/2022 00:00,M,M,BS312GU
GB1230,20/02/2022 00:00,M,M,PR21BF
GB1772,25/02/2022 00:00,M,M,NR47QH
GB961,21/02/2022 00:00,M,M,TN388BB
GB1539,22/02/2022 00:00,L,M,SE186FN
GB603,25/02/2022 00:00,S,M,WS110LQ
GB1612,22/02/2022 00:00,M,L,PE73QW
GB1106,22/02/2022 00:00,M,M,N43TD
GB1174,23/02/2022 00:00,M,M,M147PP
GB430,19/02/2022 00:00,S,M,S118NE
GB1960,21/02/2022 00:00,M,M,TN25FT
GB940,22/02/2022 00:00,M,L,WA46DA
GB16,22/02/2022 00:00,M,M,OX75BA
GB1695,19/02/2022 00:00,M,M,SA65LJ
GB1856,20/02/2022 00:00,S,M,DA124NS
GB895,22/02/2022 00:00,S,M,CM144RL
GB567,21/02/2022 00:00,S,M,WA85BH
GB1778,22/02/2022 00:00,L,L,CB12BL
GB806,22/02/2022 00:00,S,M,OL158EX
GB652,25/02/2022 00:00,M,L,BN38LN
GB235,20/02/2022 00:00,M,M,SN151TG
GB944,21/02/2022 00:00,S,M,LL143SR
GB546,22/02/2022 00:00,M,M,NE287LT
GB6,25/02/2022 00:00,M,M,GU153FB
GB439,19/02/2022 00:00,M,M,WA93TG
GB1244,21/02/2022 00:00,M,M,TA135JF
GB323,25/02/2022 00:00,M,M,SA15RE
GB1824,21/02/2022 00:00,M,L,CM234AZ
GB1700,22/02/2022 00:00,L,L,BH52DJ
GB461,22/02/2022 00:00,L,M,E149FY
GB1685,23/02/2022 00:00,M,L,LL572QE
GB547,21/02/2022 00:00,M,M,SO319NL
GB41,21/02/2022 00:00,S,M,NW18ER
GB1945,20/02/2022 00:00,S,M,LS285PZ
GB1362,20/02/2022 00:00,M,M,FY60JY
GB723,20/02/2022 00:00,L,L,L147BA
GB37,22/02/2022 00:00,S,M,SG40LS
GB96,21/02/2022 00:00,M,M,BH241TD
GB967,21/02/2022 00:00,M,L,LE651GA
GB815,22/02/2022 00:00,L,L,BS247JF
GB324,20/02/2022 00:00,S,M,DY84RH
GB387,21/02/2022 00:00,M,M,NR323HS
GB942,23/02/2022 00:00,L,M,SE85EX
GB262,19/02/2022 00:00,M,M,L174JN
GB591,21/02/2022 00:00,M,M,EH525SJ
GB1372,21/02/2022 00:00,M,M,LE71NX
GB200,21/02/2022 00:00,M,M,HD89AE
GB559,22/02/2022 00:00,M,L,G129UX
GB1142,19/02/2022 00:00,S,M,PE28RA
GB1762,20/02/2022 00:00,S,M,B755UE
GB1990,22/02/2022 00:00,M,M,NR294TE
GB1339,21/02/2022 00:00,M,M,ST78PJ
GB404,21/02/2022 00:00,M,L,CF382HU
GB563,20/02/2022 00:00,M,L,BH232LX
GB462,20/02/2022 00:00,M,M,WS114PA
GB962,21/02/2022 00:00,M,M,E162RN
GB993,25/02/2022 00:00,M,L,ME13JX
GB370,20/02/2022 00:00,M,M,BS119PH
GB1531,22/02/2022 00:00,M,M,DL132AW
GB829,22/02/2022 00:00,M,M,SW1P1NH
GB1599,21/02/2022 00:00,M,M,CR00PQ
GB869,25/02/2022 00:00,S,M,S62PJ
GB1547,22/02/2022 00:00,M,L,DH50LB
GB442,20/02/2022 00:00,M,L,L134BE
GB641,20/02/2022 00:00,M,L,ML52AU
GB1796,21/02/2022 00:00,M,M,B321SF
GB1291,21/02/2022 00:00,M,M,LE41BU
GB537,22/02/2022 00:00,S,M,BN133AS
GB1980,21/02/2022 00:00,L,L,NW13DE
GB1832,22/02/2022 00:00,S,M,GL523HP
GB1217,20/02/2022 00:00,S,M,BH152FY
GB1063,20/02/2022 00:00,S,M,BL13HE
GB152,24/02/2022 00:00,M,M,GU228XJ
GB1004,23/02/2022 00:00,S,M,NN156FG
GB1777,21/02/2022 00:00,M,M,LS104SZ
GB1610,19/02/2022 00:00,M,L,DY32LL
GB881,22/02/2022 00:00,M,L,LL652HU
GB98,20/02/2022 00:00,S,M,SA153TE
GB1126,22/02/2022 00:00,L,M,G411BG
GB584,20/02/2022 00:00,M,M,SW32JZ
GB541,23/02/2022 00:00,M,M,KT124ER
GB124,22/02/2022 00:00,S,M,ST48WJ
GB270,20/02/2022 00:00,S,M,CO111HZ
GB306,24/02/2022 00:00,M,M,LS117DX
GB1561,22/02/2022 00:00,M,M,SE240BJ
GB481,20/02/2022 00:00,M,L,TS184QL
GB972,20/02/2022 00:00,M,M,RG128BS
GB333,20/02/2022 00:00,S,M,B461LE
GB57,23/02/2022 00:00,S,M,RH139EJ
GB1403,20/02/2022 00:00,M,M,CM17AD
GB1399,21/02/2022 00:00,M,L,EH222FP
GB1256,25/02/2022 00:00,S,M,WA42TU
GB1621,21/02/2022 00:00,M,M,PH15HW
GB166,22/02/2022 00:00,M,M,AL60AH
GB1186,23/02/2022 00:00,L,M,S80BB
GB734,19/02/2022 00:00,S,M,E181AD
GB284,20/02/2022 00:00,M,M,MK404AX
GB1534,20/02/2022 00:00,L,L,RH89BZ
GB59,20/02/2022 00:00,M,L,BS81ER
GB1266,20/02/2022 00:00,S,M,TW153LL
GB1008,22/02/2022 00:00,L,M,PO360EL
GB1993,25/02/2022 00:00,L,L,CF633NX
GB1120,24/02/2022 00:00,M,M,ME207JB
GB1340,21/02/2022 00:00,M,M,LL651BG
GB1746,24/02/2022 00:00,L,L,SK144EX
GB1300,22/02/2022 00:00,M,L,SA34BY
GB497,20/02/2022 00:00,S,L,WS99LN
GB570,22/02/2022 00:00,S,M,WA74QH
GB8,23/02/2022 00:00,M,M,NN128DE
GB201,22/02/2022 00:00,L,L,BA128BX
GB823,23/02/2022 00:00,M,M,IP326NT
GB22,20/02/2022 00:00,M,M,BH52BL
GB1492,25/02/2022 00:00,S,M,CF643NB
GB742,21/02/2022 00:00,M,M,GU343DY
GB44,22/02/2022 00:00,M,M,DT11WT
GB518,25/02/2022 00:00,M,M,SS166NX
GB182,22/02/2022 00:00,M,M,BN29QJ
GB486,23/02/2022 00:00,M,M,DT65AH
GB551,22/02/2022 00:00,M,M,HP197GA
GB1646,23/02/2022 00:00,L,L,LL414UH
GB332,20/02/2022 00:00,M,M,S627FG
GB1550,21/02/2022 00:00,M,M,DA118LG
GB1204,21/02/2022 00:00,M,L,NE347HG
GB747,21/02/2022 00:00,L,M,SW49NS
GB1829,20/02/2022 00:00,M,M,L99HY
GB1378,21/02/2022 00:00,M,M,BN32BE
GB1316,21/02/2022 00:00,M,L,WF103RJ
GB444,22/02/2022 00:00,M,M,JE24LE
GB1193,24/02/2022 00:00,L,L,RH161DF
GB839,20/02/2022 00:00,S,M,L120PT
GB399,20/02/2022 00:00,S,M,CH23AR
GB36,24/02/2022 00:00,M,M,N65AX
GB458,20/02/2022 00:00,M,M,CH489UX
GB534,21/02/2022 00:00,S,M,LL284TF
GB1584,19/02/2022 00:00,M,L,B912EL
GB265,20/02/2022 00:00,S,M,B987NR
GB366,24/02/2022 00:00,M,M,CM158JS
GB1158,19/02/2022 00:00,S,M,KT35LG
GB801,21/02/2022 00:00,M,M,SS74PQ
GB1827,21/02/2022 00:00,M,L,KA170FB
GB714,23/02/2022 00:00,S,M,LA130PR
GB885,21/02/2022 00:00,S,M,CF827NG
GB1485,19/02/2022 00:00,M,M,CV346AU
GB128,23/02/2022 00:00,S,M,SW114ET
GB402,19/02/2022 00:00,M,M,TS296ES
GB183,21/02/2022 00:00,M,M,SN140LE
GB449,19/02/2022 00:00,S,M,M15AA
GB1893,20/02/2022 00:00,S,M,TS252LJ
GB1903,20/02/2022 00:00,M,M,OL37HF
GB372,25/02/2022 00:00,M,M,EN12JA
GB1374,23/02/2022 00:00,M,M,CR06FA
GB1381,20/02/2022 00:00,M,M,EH178RG
GB1400,21/02/2022 00:00,M,M,ML84LD
GB772,19/02/2022 00:00,M,M,KY82JR
GB1117,19/02/2022 00:00,S,M,EX44GX
GB1573,21/02/2022 00:00,L,M,N102AN
GB1341,20/02/2022 00:00,M,M,NN188PN
GB1365,23/02/2022 00:00,L,L,BN176FD
GB1149,22/02/2022 00:00,M,M,UB12PN
GB1349,25/02/2022 00:00,M,M,EH510JT
GB336,24/02/2022 00:00,S,M,LS119BF
GB72,20/02/2022 00:00,S,M,G839BS
GB1303,23/02/2022 00:00,M,M,HP178DF
GB1585,20/02/2022 00:00,S,M,SE58NS
GB1295,23/02/2022 00:00,L,L,N144PX
GB441,21/02/2022 00:00,M,M,AB125UA
GB545,24/02/2022 00:00,M,M,PE26SL
GB1809,19/02/2022 00:00,M,M,HU181HX
GB1457,21/02/2022 00:00,M,M,RG249SF
GB290,21/02/2022 00:00,M,M,SW120DR
GB1101,19/02/2022 00:00,M,M,MK183GU
GB342,20/02/2022 00:00,S,M,RG53RA
GB299,21/02/2022 00:00,M,M,IP265JA
GB793,23/02/2022 00:00,M,L,HR40DJ
GB1153,23/02/2022 00:00,S,M,KT227UP
GB626,22/02/2022 00:00,M,M,NG335NE
GB126,24/02/2022 00:00,S,M,HP198JL
GB374,22/02/2022 00:00,M,M,WF33EW
GB479,21/02/2022 00:00,M,M,SY175DJ
GB1301,22/02/2022 00:00,M,L,NG125BG
GB1998,21/02/2022 00:00,M,M,HA55RG
GB472,19/02/2022 00:00,M,M,WS66DN
GB1680,19/02/2022 00:00,M,M,NW16HA
GB1272,23/02/2022 00:00,L,L,BR29JY
GB531,22/02/2022 00:00,M,M,RH16HB
GB708,23/02/2022 00:00,M,M,RG194RH
GB1385,23/02/2022 00:00,S,M,RG11TZ
GB1513,21/02/2022 00:00,L,M,B601LR
GB454,19/02/2022 00:00,M,M,SE114TU
GB21,21/02/2022 00:00,M,M,DN68JY
GB499,22/02/2022 00:00,M,M,DT40HB
GB1729,20/02/2022 00:00,M,M,DN327RY
GB720,21/02/2022 00:00,S,M,DE656HY
GB293,22/02/2022 00:00,S,M,G735EA
GB104,22/02/2022 00:00,M,M,BH177ES
GB1098,23/02/2022 00:00,M,M,CF117DJ
GB1165,23/02/2022 00:00,M,M,RG88NG
GB1537,19/02/2022 00:00,S,L,BN24PL
GB1801,20/02/2022 00:00,L,L,BH76NR
GB1322,20/02/2022 00:00,S,M,E32PW
GB1100,24/02/2022 00:00,M,L,NG229PY
GB868,19/02/2022 00:00,S,M,GL53NF
GB1963,23/02/2022 00:00,M,L,CH72PD
GB1122,19/02/2022 00:00,M,M,NN35HH
GB1973,20/02/2022 00:00,S,M,CM50TH
GB611,20/02/2022 00:00,S,M,SA113RU
GB888,20/02/2022 00:00,S,M,GU248HD
GB832,23/02/2022 00:00,M,M,NE200SX
GB1814,24/02/2022 00:00,M,M,JE38GW
GB918,21/02/2022 00:00,M,M,SA129NT
GB1461,23/02/2022 00:00,M,M,SL61UG
GB287,24/02/2022 00:00,M,L,TN12NP
GB796,25/02/2022 00:00,L,L,MK159EH
GB253,21/02/2022 00:00,M,M,WD62BH
GB1898,20/02/2022 00:00,S,M,SE208LA
GB1038,21/02/2022 00:00,M,L,TW151RY
GB999,20/02/2022 00:00,S,M,E161UX
GB1611,21/02/2022 00:00,M,M,S418DE
GB979,20/02/2022 00:00,L,M,W92HE
GB1957,22/02/2022 00:00,M,M,LE51EH
GB261,22/02/2022 00:00,M,M,SE85EN
GB707,22/02/2022 00:00,M,M,SE146TJ
GB1712,21/02/2022 00:00,S,M,LS165RU
GB297,24/02/2022 00:00,M,M,HP135HY
GB1786,24/02/2022 00:00,M,M,DN211GS
GB948,24/02/2022 00:00,S,M,FY54HE
GB621,24/02/2022 00:00,M,M,E162XF
GB574,24/02/2022 00:00,S,M,LU33RZ
GB900,21/02/2022 00:00,L,M,NG72JJ
GB1146,20/02/2022 00:00,S,M,DD108HE
GB1264,22/02/2022 00:00,L,L,IM13JZ
GB632,22/02/2022 00:00,M,M,NG178BG
GB1180,22/02/2022 00:00,S,M,JE26GP
GB891,22/02/2022 00:00,M,L,GU322DP
GB1642,21/02/2022 00:00,M,M,CV62BU
GB1196,20/02/2022 00:00,M,M,SM44QN
GB1288,22/02/2022 00:00,M,M,SS177JR
GB1643,20/02/2022 00:00,L,L,CM235BJ
GB624,20/02/2022 00:00,S,M,LN67HP
GB241,21/02/2022 00:00,L,M,SW183DL
GB775,21/02/2022 00:00,M,M,G674JE
GB1051,25/02/2022 00:00,S,M,TF12LW
GB1725,21/02/2022 00:00,M,M,CH635NJ
GB1377,21/02/2022 00:00,M,L,S434PF
GB1084,21/02/2022 00:00,M,M,SO184SD
GB1616,20/02/2022 00:00,S,M,NP108WY
GB74,19/02/2022 00:00,S,M,BB54AX
GB1017,23/02/2022 00:00,L,L,N102LW
GB691,19/02/2022 00:00,S,M,B440JG
GB713,21/02/2022 00:00,S,M,PE150TY
GB1383,21/02/2022 00:00,M,L,EX151TU
GB1872,23/02/2022 00:00,L,L,SO318JT
GB1767,19/02/2022 00:00,S,M,TN389QR
GB890,21/02/2022 00:00,L,L,NE302PL
GB1854,19/02/2022 00:00,M,L,DL15TF
GB68,24/02/2022 00:00,M,M,NE616SZ
GB445,21/02/2022 00:00,S,M,ME101YG
GB1509,21/02/2022 00:00,L,L,RG426EE
GB666,21/02/2022 00:00,M,M,BA113LH
GB542,19/02/2022 00:00,M,M,CM233PB
GB1845,25/02/2022 00:00,S,M,PO93SR
GB1664,22/02/2022 00:00,M,M,PR75QZ
GB1985,24/02/2022 00:00,M,M,YO233SG
GB1694,23/02/2022 00:00,L,M,PO305SU
GB1128,21/02/2022 00:00,M,M,BD134BE
GB71,21/02/2022 00:00,S,M,NE611JW
GB1863,22/02/2022 00:00,S,M,NW31HZ
GB596,19/02/2022 00:00,L,L,CF30JP
GB1747,19/02/2022 00:00,M,L,SG12RX
GB294,20/02/2022 00:00,M,M,BB30SD
GB1271,20/02/2022 00:00,M,M,W149SF
GB1931,23/02/2022 00:00,L,L,CV36DS
GB519,24/02/2022 00:00,S,M,NR120AP
GB1529,20/02/2022 00:00,S,M,LS134HA
GB1143,21/02/2022 00:00,S,M,KY26FY
GB1439,19/02/2022 00:00,M,M,LS82AT
GB1459,20/02/2022 00:00,M,M,OL26RL
GB1577,20/02/2022 00:00,M,M,LS196HH
GB1212,20/02/2022 00:00,S,M,SW200BJ
GB1233,21/02/2022 00:00,L,L,AL52NR
GB77,20/02/2022 00:00,L,L,BN237BD
GB809,20/02/2022 00:00,S,M,CF312HG
GB1884,23/02/2022 00:00,M,M,HP236AU
GB130,21/02/2022 00:00,S,M,CV130QH
GB389,20/02/2022 00:00,M,M,LS165EG
GB1606,21/02/2022 00:00,M,M,BS44FG
GB697,23/02/2022 00:00,M,M,RG14GP
GB674,19/02/2022 00:00,S,M,AB140LA
GB705,21/02/2022 00:00,S,M,NG209AL
GB170,20/02/2022 00:00,L,L,CH76TF
GB61,21/02/2022 00:00,M,M,EX46BH
GB67,23/02/2022 00:00,S,M,EH222BL
GB39,25/02/2022 00:00,M,L,BS110WG
GB99,21/02/2022 00:00,M,M,SM53PZ
GB123,22/02/2022 00:00,L,L,CM38AA
GB1727,22/02/2022 00:00,L,L,JE34DN
GB1213,23/02/2022 00:00,M,M,SL99SF
GB321,19/02/2022 00:00,S,M,LN83FX
GB1639,23/02/2022 00:00,S,M,IM82TN
GB921,21/02/2022 00:00,M,L,IP145UP
GB1836,21/02/2022 00:00,M,M,HD94AP
GB1215,21/02/2022 00:00,S,M,PL98GY
GB1648,20/02/2022 00:00,S,M,LE127NF
GB741,25/02/2022 00:00,M,L,BS362LZ
GB1361,20/02/2022 00:00,M,M,TN91LU
GB1472,21/02/2022 00:00,S,M,NN27FL
GB1813,20/02/2022 00:00,M,M,CV56LU
GB763,19/02/2022 00:00,M,M,OX73BU
GB1487,22/02/2022 00:00,L,L,NR171YB
GB350,19/02/2022 00:00,M,M,G11UZ
GB1420,21/02/2022 00:00,M,M,BR40RG
GB911,19/02/2022 00:00,M,M,GY79HW
GB934,20/02/2022 00:00,M,L,L10BF
GB1932,21/02/2022 00:00,L,L,DY102TH
GB1169,21/02/2022 00:00,S,M,HG50UF
GB145,21/02/2022 00:00,L,L,HU129EG
GB135,23/02/2022 00:00,M,M,GL530BX
GB236,22/02/2022 00:00,M,M,BS312WA
GB1355,21/02/2022 00:00,M,M,SO455UF
GB1237,21/02/2022 00:00,S,M,DD76GU
GB516,23/02/2022 00:00,M,M,LS297NL
GB780,19/02/2022 00:00,M,M,NG118EN
GB915,23/02/2022 00:00,M,M,PO36FL
GB1523,21/02/2022 00:00,S,M,IG103BX
GB1593,20/02/2022 00:00,S,M,PE47AZ
GB115,23/02/2022 00:00,M,M,KT160RD
GB1591,23/02/2022 00:00,M,M,M98QD
GB1273,19/02/2022 00:00,L,L,CT149TS
GB1782,20/02/2022 00:00,M,M,SS155AR
GB1760,21/02/2022 00:00,M,M,NE296YW
GB1851,25/02/2022 00:00,M,M,NG219GB
GB663,24/02/2022 00:00,S,M,NN37QY
GB113,21/02/2022 00:00,M,M,BN18RG
GB1788,22/02/2022 00:00,M,M,BB44LE
GB543,21/02/2022 00:00,M,M,CF644AF
GB872,24/02/2022 00:00,S,M,NR205QD
GB1443,22/02/2022 00:00,L,M,ST52DY
GB520,21/02/2022 00:00,M,M,LL112SQ
GB769,20/02/2022 00:00,M,M,CO43BE
GB1160,24/02/2022 00:00,S,M,BH234BU
GB75,22/02/2022 00:00,S,M,NE108QW
GB1653,19/02/2022 00:00,S,M,WV44UL
GB512,21/02/2022 00:00,M,L,LE652NH
GB538,20/02/2022 00:00,S,M,NE95AX
GB163,21/02/2022 00:00,L,L,LU61TH
GB1353,20/02/2022 00:00,M,L,G758XT
GB1190,22/02/2022 00:00,L,L,RG249RG
GB952,19/02/2022 00:00,S,M,L336UQ
GB865,20/02/2022 00:00,S,M,KY118AP
GB873,22/02/2022 00:00,L,M,SN110RZ
GB907,22/02/2022 00:00,M,L,NG58SJ
GB690,20/02/2022 00:00,M,M,TQ60LT
GB103,21/02/2022 00:00,M,M,W23EA
GB1966,24/02/2022 00:00,M,M,BA68DB
GB373,24/02/2022 00:00,S,M,SW177DG
GB1603,20/02/2022 00:00,M,M,OL115LZ
GB502,21/02/2022 00:00,S,M,OL26GF
GB1297,21/02/2022 00:00,M,L,MK427EG
GB857,19/02/2022 00:00,L,L,LN22TX
GB821,22/02/2022 00:00,S,M,TN157HX
GB1640,24/02/2022 00:00,M,L,DN110LT
GB45,21/02/2022 00:00,M,M,NG235DS
GB1028,21/02/2022 00:00,S,M,NN156PU
GB949,21/02/2022 00:00,M,M,LS209PT
GB1797,20/02/2022 00:00,S,M,TN132TD
GB300,23/02/2022 00:00,M,M,BS229WD
GB737,23/02/2022 00:00,S,M,WA128NR
GB1861,21/02/2022 00:00,L,L,BA23PR
GB1949,22/02/2022 00:00,S,M,S739QW
GB1626,21/02/2022 00:00,M,L,CO59BD
GB1703,23/02/2022 00:00,M,L,CF623BF
GB1850,21/02/2022 00:00,M,M,CO43XZ
GB1953,21/02/2022 00:00,M,M,S627FB
GB1375,20/02/2022 00:00,M,L,SA44EY
GB426,20/02/2022 00:00,S,M,CV109AN
GB1518,19/02/2022 00:00,M,M,BS227FD
GB1434,25/02/2022 00:00,M,M,RH149ZL
GB1589,22/02/2022 00:00,M,L,SW156QG
GB1922,20/02/2022 00:00,M,M,SA79UH
GB764,22/02/2022 00:00,M,M,S648QQ
GB1141,25/02/2022 00:00,S,M,WF84FA
GB199,20/02/2022 00:00,S,M,NG72EZ
GB1370,20/02/2022 00:00,M,M,NE716NE
GB273,25/02/2022 00:00,M,L,NE77YN
GB1527,21/02/2022 00:00,L,L,SW147ER
GB1519,24/02/2022 00:00,M,M,EN52QT
GB1007,24/02/2022 00:00,M,M,SG137PE
GB491,21/02/2022 00:00,M,M,RM25DD
GB1019,24/02/2022 00:00,L,L,B297BP
GB1407,20/02/2022 00:00,S,M,B146RA
GB1859,21/02/2022 00:00,L,L,BR87HX
GB1804,20/02/2022 00:00,M,M,EH216DW
GB1996,20/02/2022 00:00,S,M,KT111NH
GB1066,22/02/2022 00:00,M,L,NE51TT
GB1075,25/02/2022 00:00,M,M,CW26EZ
GB490,24/02/2022 00:00,S,M,IM25LR
GB990,24/02/2022 00:00,L,M,NG23BP
GB141,22/02/2022 00:00,L,M,KT174NR
GB732,25/02/2022 00:00,M,L,SO198LN
GB484,19/02/2022 00:00,M,M,NE303NA
GB1423,23/02/2022 00:00,S,M,LS209AY
GB847,24/02/2022 00:00,S,M,NR152DR
GB1211,19/02/2022 00:00,M,L,LS64PP
GB224,21/02/2022 00:00,M,M,IP288YG
GB767,23/02/2022 00:00,L,M,BA77LQ
GB1666,20/02/2022 00:00,M,M,G735BT
GB90,23/02/2022 00:00,M,M,BN16LW
GB1014,21/02/2022 00:00,M,L,TN40EX
GB25,23/02/2022 00:00,M,L,NE51YP
GB795,24/02/2022 00:00,M,M,BT96AP
GB1713,25/02/2022 00:00,S,M,RH80HY
GB561,21/02/2022 00:00,M,M,CR53RA
GB1811,25/02/2022 00:00,M,L,BR60DF
GB899,25/02/2022 00:00,M,M,RG127FZ
GB1394,23/02/2022 00:00,M,M,LS133RU
GB908,20/02/2022 00:00,L,L,TR114QS
GB140,24/02/2022 00:00,L,L,CF831BU
GB536,24/02/2022 00:00,L,L,NE64EJ
GB1093,21/02/2022 00:00,L,L,CT203PG
GB1521,20/02/2022 00:00,S,M,ST65RX
GB346,22/02/2022 00:00,S,M,WA32AP
GB1009,25/02/2022 00:00,S,M,WN24GF
GB86,21/02/2022 00:00,S,M,SN22QZ
GB143,20/02/2022 00:00,M,L,PR99BB
GB205,21/02/2022 00:00,M,M,EH111QZ
GB1600,20/02/2022 00:00,M,L,PL35LB
GB1644,19/02/2022 00:00,M,L,CM29EG
GB175,24/02/2022 00:00,M,L,IP224UN
GB754,19/02/2022 00:00,M,M,LS168JE
GB1595,21/02/2022 00:00,M,M,SW111LU
GB1350,23/02/2022 00:00,M,M,DT96EZ
GB753,22/02/2022 00:00,M,M,LL219RD
GB223,21/02/2022 00:00,L,M,PE289QA
GB1043,19/02/2022 00:00,M,M,NG67DX
GB1874,20/02/2022 00:00,M,L,CF144SW
GB694,21/02/2022 00:00,M,M,LE128BZ
GB1089,20/02/2022 00:00,M,L,TQ50DQ
GB1069,21/02/2022 00:00,M,M,CF381GF
GB553,20/02/2022 00:00,M,M,WS138TG
GB1000,21/02/2022 00:00,M,M,E149DB
GB1877,23/02/2022 00:00,M,M,BT421ET
GB982,21/02/2022 00:00,S,M,NG162RW
GB727,21/02/2022 00:00,L,M,HX78EH
GB1259,21/02/2022 00:00,S,M,HA80RT
GB566,19/02/2022 00:00,S,L,DN84EN
GB180,20/02/2022 00:00,M,M,MK170AN
GB1068,20/02/2022 00:00,M,M,DN358RP
GB1878,22/02/2022 00:00,M,M,G312SJ
GB1964,23/02/2022 00:00,M,M,CV239RP
GB144,20/02/2022 00:00,S,M,UB82JW
GB893,20/02/2022 00:00,M,L,SN110QD
GB843,21/02/2022 00:00,S,M,KT124NE
GB1651,22/02/2022 00:00,M,M,SE186NP
GB1768,19/02/2022 00:00,L,L,LS104UW
GB1410,24/02/2022 00:00,M,M,LS104RQ
GB1274,22/02/2022 00:00,S,M,BB129HR
GB116,22/02/2022 00:00,S,M,CR35WE
GB1745,24/02/2022 00:00,M,M,G696PS
GB744,20/02/2022 00:00,M,L,N43ET
GB1571,19/02/2022 00:00,M,M,SM73EL
GB1364,24/02/2022 00:00,L,L,HR49HZ
GB745,22/02/2022 00:00,L,L,EX329HR
GB64,25/02/2022 00:00,S,M,HA20RB
GB1514,21/02/2022 00:00,M,M,TN25FT
GB978,19/02/2022 00:00,L,M,FK39LE
GB572,20/02/2022 00:00,S,M,DN320LB
GB854,21/02/2022 00:00,L,L,SK179DY
GB528,23/02/2022 00:00,M,M,PA40UF
GB1356,21/02/2022 00:00,M,M,W60JY
GB1948,25/02/2022 00:00,S,M,DE118DB
GB365,20/02/2022 00:00,S,M,S720AB
GB1812,21/02/2022 00:00,S,M,NP45HW
GB107,20/02/2022 00:00,M,L,S730AX
GB1419,21/02/2022 00:00,M,L,S801AE
GB589,22/02/2022 00:00,L,L,CH40GA
GB250,23/02/2022 00:00,S,M,LA62FB
GB571,25/02/2022 00:00,M,M,WV68AT
GB1036,21/02/2022 00:00,M,M,BS394DW
GB628,21/02/2022 00:00,M,M,BB185BL
GB1170,24/02/2022 00:00,S,M,BS162RG
GB1892,24/02/2022 00:00,M,M,S749RD
GB657,20/02/2022 00:00,M,L,YO113LU
GB1582,22/02/2022 00:00,L,L,AB140QG
GB173,21/02/2022 00:00,M,L,G134QN
GB276,24/02/2022 00:00,L,M,PA50ET
GB49,19/02/2022 00:00,S,L,SK61JX
GB78,20/02/2022 00:00,S,M,NE347JF
GB468,23/02/2022 00:00,L,M,NG237NG
GB1308,25/02/2022 00:00,S,M,N31QS
GB894,21/02/2022 00:00,M,M,AB157PX
GB1276,21/02/2022 00:00,M,M,YO231NP
GB60,22/02/2022 00:00,L,L,GY35RG
GB285,22/02/2022 00:00,M,M,BS66NT
GB1875,21/02/2022 00:00,L,M,NG158HN
GB842,19/02/2022 00:00,S,M,PE282WE
GB155,19/02/2022 00:00,M,M,DE249AG
GB966,19/02/2022 00:00,S,M,L340JQ
GB1324,23/02/2022 00:00,S,M,BS93AN
GB63,20/02/2022 00:00,S,M,NN127RP
GB114,19/02/2022 00:00,M,L,BB113DU
GB1641,25/02/2022 00:00,M,M,UB109HE
GB782,23/02/2022 00:00,M,M,WA37BD
GB151,22/02/2022 00:00,M,M,PO143NN
GB1111,24/02/2022 00:00,M,M,NE359EN
GB283,21/02/2022 00:00,M,M,EX395HX
GB776,20/02/2022 00:00,S,M,HP199UD
GB1493,23/02/2022 00:00,M,M,N41EE
GB646,21/02/2022 00:00,M,M,AB123UQ
GB1227,21/02/2022 00:00,M,M,CV345GF
GB446,23/02/2022 00:00,M,M,E11LF
GB355,19/02/2022 00:00,M,M,SW152PW
GB478,21/02/2022 00:00,M,L,DL79LG
GB1232,22/02/2022 00:00,M,L,NN297TX
GB879,20/02/2022 00:00,M,M,NP165BP
GB1490,21/02/2022 00:00,M,M,SW184FR
GB1941,24/02/2022 00:00,L,L,CB216BZ
GB1451,22/02/2022 00:00,M,M,FK77NG
GB23,19/02/2022 00:00,M,M,RM166NW
GB391,22/02/2022 00:00,M,M,TW119NZ
GB1130,22/02/2022 00:00,M,L,WF118PQ
GB1696,20/02/2022 00:00,M,M,SR79BD
GB926,23/02/2022 00:00,S,M,GU345FE
GB1458,24/02/2022 00:00,M,M,HP13RT
GB820,25/02/2022 00:00,M,M,SW83LT
GB232,24/02/2022 00:00,L,L,RH164PF
GB836,21/02/2022 00:00,M,M,EX152SS
GB2,21/02/2022 00:00,M,M,WF27DS
GB558,22/02/2022 00:00,M,M,DE53QL
GB368,22/02/2022 00:00,M,L,TN261HF
GB134,19/02/2022 00:00,S,M,HU151GW
GB1901,21/02/2022 00:00,M,L,BN37EB
GB804,23/02/2022 00:00,M,M,DN140YG
GB1197,21/02/2022 00:00,S,M,NP202QT
GB304,21/02/2022 00:00,S,M,GL32SP
GB577,23/02/2022 00:00,L,M,BT146PN
GB848,23/02/2022 00:00,M,M,GL544NW
GB1436,21/02/2022 00:00,S,M,KA203EA
GB1456,21/02/2022 00:00,M,L,GU228SP
GB17,19/02/2022 00:00,S,M,CW98WE
GB1598,21/02/2022 00:00,M,M,CF447ET
GB394,23/02/2022 00:00,L,L,WN40RW
GB1046,23/02/2022 00:00,S,M,CV24JB
GB783,21/02/2022 00:00,S,M,B338AP
GB1246,23/02/2022 00:00,M,M,RG75NY
GB1853,19/02/2022 00:00,S,M,TW200TQ
GB453,21/02/2022 00:00,M,M,BL24NY
GB638,20/02/2022 00:00,M,L,NN155TQ
GB1074,25/02/2022 00:00,M,M,SA151PZ
GB886,21/02/2022 00:00,M,M,RG109DE
GB1792,23/02/2022 00:00,L,L,M345DN
GB845,19/02/2022 00:00,S,M,PL49RB
GB740,19/02/2022 00:00,M,M,RG127BP
GB787,21/02/2022 00:00,M,M,RG54FE
GB1645,22/02/2022 00:00,M,M,BN72FL
GB933,20/02/2022 00:00,L,L,CB20RA
GB1354,22/02/2022 00:00,L,L,SE108QP
GB765,25/02/2022 00:00,S,M,SW164QB
GB1925,22/02/2022 00:00,M,M,SG111DL
GB1570,22/02/2022 00:00,M,M,BA29AD
GB1997,21/02/2022 00:00,M,L,SA129TT
GB1058,23/02/2022 00:00,S,M,IM34BT
GB467,24/02/2022 00:00,L,M,M145NH
GB1320,19/02/2022 00:00,M,L,DY85BF
GB1825,20/02/2022 00:00,S,M,TN279SG
GB1657,20/02/2022 00:00,M,L,ML117JA
GB88,20/02/2022 00:00,S,M,WS73RE
GB343,21/02/2022 00:00,S,M,G420JN
GB704,21/02/2022 00:00,M,L,TW107LD
GB1332,23/02/2022 00:00,L,L,WV69DS
GB325,22/02/2022 00:00,L,M,CV347BN
GB55,21/02/2022 00:00,S,M,KY86DB
GB1965,21/02/2022 00:00,L,M,SS08PT
GB800,20/02/2022 00:00,M,M,G117RF
GB549,19/02/2022 00:00,M,M,SS178JP
GB774,21/02/2022 00:00,M,M,BN27GT
GB1978,20/02/2022 00:00,M,L,PL242JD
GB805,22/02/2022 00:00,M,M,ML119EU
GB620,20/02/2022 00:00,L,M,NN33DT
GB1176,21/02/2022 00:00,S,M,PE166PL
GB751,21/02/2022 00:00,M,M,CT12QJ
GB73,23/02/2022 00:00,M,M,TN221DB
GB853,20/02/2022 00:00,M,M,BH65AN
GB844,21/02/2022 00:00,S,M,CV136NL
GB1870,21/02/2022 00:00,L,L,CV14JL
GB1841,21/02/2022 00:00,S,M,SY13EF
GB133,20/02/2022 00:00,S,M,TN62XS
GB855,21/02/2022 00:00,M,M,KT80NN
GB1686,19/02/2022 00:00,M,M,M220HF
GB1710,22/02/2022 00:00,L,L,GL182BJ
GB1293,22/02/2022 00:00,L,L,DA14RS
GB1421,20/02/2022 00:00,S,M,SW116PT
GB477,22/02/2022 00:00,M,M,BA25FE
GB421,21/02/2022 00:00,M,M,LN24DT
GB1189,22/02/2022 00:00,M,M,TR113BE
GB1511,20/02/2022 00:00,M,M,RH164HF
GB463,20/02/2022 00:00,M,M,BA28TB
GB345,24/02/2022 00:00,S,M,WD259BL
GB119,19/02/2022 00:00,L,L,G129HL
GB604,19/02/2022 00:00,S,M,DE738JQ
GB1044,22/02/2022 00:00,M,L,YO213RT
GB1263,23/02/2022 00:00,M,L,HA03QH
GB1210,21/02/2022 00:00,S,M,GU125JZ
GB1950,21/02/2022 00:00,L,L,DL104PQ
GB403,21/02/2022 00:00,S,M,LL114BJ
GB1500,20/02/2022 00:00,M,M,BA29BN
GB256,19/02/2022 00:00,M,M,BN424RP
GB500,20/02/2022 00:00,M,M,SL98HJ
GB1310,20/02/2022 00:00,M,M,ML106PR
GB375,19/02/2022 00:00,S,M,ST145FG
GB1779,20/02/2022 00:00,M,M,B620NU
GB1672,20/02/2022 00:00,M,M,DE221FR
GB1759,23/02/2022 00:00,M,M,NW32RX
GB197,24/02/2022 00:00,M,M,BT636DN
GB1716,24/02/2022 00:00,M,M,CM95DE
GB1802,21/02/2022 00:00,M,M,EH545AU
GB1752,20/02/2022 00:00,M,M,SE207QQ
GB122,23/02/2022 00:00,M,L,W93DY
GB415,25/02/2022 00:00,M,M,NG318QX
GB1447,20/02/2022 00:00,M,M,SW96PY
GB1505,21/02/2022 00:00,M,M,EH51GT
GB790,20/02/2022 00:00,M,M,SN56AS
GB580,21/02/2022 00:00,M,M,GU154NG
GB1468,21/02/2022 00:00,L,M,CM26QF
GB712,25/02/2022 00:00,S,M,S401YQ
GB1676,25/02/2022 00:00,M,M,WF170EH
GB238,21/02/2022 00:00,M,M,SA336BP
GB1415,21/02/2022 00:00,M,M,NG347FP
GB1428,23/02/2022 00:00,M,M,BB44AZ
GB76,21/02/2022 00:00,L,M,CH496LA
GB1315,20/02/2022 00:00,S,L,NG157DA
GB1926,21/02/2022 00:00,S,M,TF108BN
GB610,23/02/2022 00:00,M,M,WF50HU
GB1455,21/02/2022 00:00,L,L,KT185SL
GB1914,24/02/2022 00:00,L,L,CB31AE
GB689,23/02/2022 00:00,M,L,NG57NA
GB1265,19/02/2022 00:00,M,M,CF141JP
GB210,20/02/2022 00:00,L,L,HP30DJ
GB217,22/02/2022 00:00,M,M,SW1V4RN
GB212,25/02/2022 00:00,M,L,ME11DY
GB1605,22/02/2022 00:00,S,M,SM68HX
GB1791,20/02/2022 00:00,M,L,NP246JG
GB1761,21/02/2022 00:00,S,M,HA40EE
GB728,20/02/2022 00:00,L,L,ST71AS
GB1079,19/02/2022 00:00,S,M,BS296DT
GB814,21/02/2022 00:00,M,M,E14PU
GB600,23/02/2022 00:00,L,M,BT411JT
GB1880,21/02/2022 00:00,S,M,CA49PG
GB1185,21/02/2022 00:00,M,M,SW170RF
GB791,21/02/2022 00:00,M,M,GU72LE
GB1897,19/02/2022 00:00,S,M,GL40JQ
GB1942,19/02/2022 00:00,S,M,DY85HX
GB818,21/02/2022 00:00,M,M,TR24RP
GB194,20/02/2022 00:00,S,M,DE554ND
GB560,20/02/2022 00:00,M,M,CR82JB
GB1345,22/02/2022 00:00,M,M,SE193TU
GB1669,23/02/2022 00:00,M,M,IM25AY
GB1899,22/02/2022 00:00,M,L,NR317LF
GB47,22/02/2022 00:00,M,L,AL23DH
GB456,21/02/2022 00:00,L,M,DE142DH
GB1134,21/02/2022 00:00,L,M,BS251BA
GB53,22/02/2022 00:00,L,M,M225LY
GB131,21/02/2022 00:00,S,M,KY146DZ
GB1726,21/02/2022 00:00,M,M,LS236AX
GB361,22/02/2022 00:00,M,M,L271XZ
GB1002,22/02/2022 00:00,S,M,ST65RA
GB1056,22/02/2022 00:00,S,M,IM25BA
GB513,21/02/2022 00:00,M,M,B185RR
GB852,21/02/2022 00:00,M,M,RH192DT
GB1054,21/02/2022 00:00,M,L,PE330EG
GB1412,25/02/2022 00:00,S,M,WV140SR
GB1604,22/02/2022 00:00,M,L,SP97GX
GB95,21/02/2022 00:00,M,L,RG120XH
GB243,20/02/2022 00:00,M,M,BH241TF
GB1358,22/02/2022 00:00,M,L,W120TG
GB817,20/02/2022 00:00,L,L,GL29FA
GB400,24/02/2022 00:00,M,M,BB113PT
GB26,20/02/2022 00:00,S,M,HP43PE
GB1115,22/02/2022 00:00,M,M,S206SG
GB1614,23/02/2022 00:00,L,L,TS146JJ
GB1717,19/02/2022 00:00,S,M,KA92AD
GB148,21/02/2022 00:00,M,M,W38AU
GB1208,22/02/2022 00:00,L,M,S426GB
GB280,20/02/2022 00:00,M,M,OX162BQ
GB851,21/02/2022 00:00,M,M,TQ125JD
GB1083,21/02/2022 00:00,L,L,E83FF
GB947,19/02/2022 00:00,S,M,IM75JD
GB1486,23/02/2022 00:00,M,M,LN22DR
GB1307,21/02/2022 00:00,M,M,CF243QA
GB989,22/02/2022 00:00,M,M,NR316GD
GB1065,21/02/2022 00:00,S,M,YO167EN
GB1821,20/02/2022 00:00,S,M,CB43NA
GB56,24/02/2022 00:00,M,L,LA185AS
GB1691,21/02/2022 00:00,M,M,LS82LD
GB825,20/02/2022 00:00,S,M,TN255LR
GB568,23/02/2022 00:00,M,L,W44EZ
GB401,22/02/2022 00:00,S,M,BH14ET
GB544,20/02/2022 00:00,S,M,HU106LF
GB552,24/02/2022 00:00,M,M,LE85AH
GB1971,21/02/2022 00:00,L,L,RG317DP
GB743,21/02/2022 00:00,M,L,WA32GE
GB824,23/02/2022 00:00,M,L,E18ZD
GB31,20/02/2022 00:00,M,L,CH617XP
GB1369,24/02/2022 00:00,L,L,TS160QN
GB0,21/02/2022 00:00,M,M,SE41YQ
GB1156,22/02/2022 00:00,M,M,M171LD
GB1192,19/02/2022 00:00,M,M,HR14DG
GB1137,20/02/2022 00:00,S,M,EX164BB
GB1538,21/02/2022 00:00,M,M,SO506AN
GB1866,20/02/2022 00:00,S,M,YO105GQ
GB788,22/02/2022 00:00,S,M,SL71DG
GB1597,22/02/2022 00:00,M,M,B755AH
GB759,20/02/2022 00:00,S,M,SS69DT
GB1842,24/02/2022 00:00,M,M,ST195BJ
GB686,25/02/2022 00:00,M,M,G673LE
GB1588,20/02/2022 00:00,S,M,HA90QS
GB1888,21/02/2022 00:00,S,M,PR267AS
GB356,21/02/2022 00:00,M,M,CV61GE
GB1463,25/02/2022 00:00,S,L,CW39EH
GB1433,19/02/2022 00:00,S,M,N43ER
GB34,20/02/2022 00:00,S,M,SA132SL
GB203,20/02/2022 00:00,M,M,SP46JA
GB470,25/02/2022 00:00,S,M,TQ148QD
GB975,23/02/2022 00:00,M,M,CF401TH
GB670,24/02/2022 00:00,M,M,GY24DJ
GB1719,25/02/2022 00:00,M,M,DE551RE
GB963,20/02/2022 00:00,M,M,PO229NR
GB281,21/02/2022 00:00,M,M,CM144JW
GB443,22/02/2022 00:00,M,M,HX62PP
GB1753,21/02/2022 00:00,M,M,BL79LX
GB606,24/02/2022 00:00,M,M,FY44JT
GB1544,20/02/2022 00:00,S,M,CB227QL
GB811,19/02/2022 00:00,M,M,YO306QR
GB1113,21/02/2022 00:00,S,M,SL43JN
GB188,21/02/2022 00:00,L,L,TN120LQ
GB1240,19/02/2022 00:00,S,M,NG52BA
GB1376,22/02/2022 00:00,L,M,LE175EA
GB803,24/02/2022 00:00,M,M,NN49UZ
GB1568,21/02/2022 00:00,M,M,PR43YG
GB1794,24/02/2022 00:00,M,L,B755NW
GB1709,20/02/2022 00:00,M,L,CH48TQ
GB360,22/02/2022 00:00,M,M,BD109TA
GB1690,20/02/2022 00:00,M,M,RH138EL
GB1927,21/02/2022 00:00,M,M,DY67DP
GB352,22/02/2022 00:00,S,M,NR47DU
GB935,21/02/2022 00:00,L,L,GU113GZ
GB1441,21/02/2022 00:00,M,M,DE742AP
GB40,23/02/2022 00:00,L,L,WN36HG
GB919,20/02/2022 00:00,S,M,BB44NF
GB1707,21/02/2022 00:00,M,M,KT111HG
GB1030,23/02/2022 00:00,M,M,N167SA
GB139,23/02/2022 00:00,M,L,PO93TH
GB282,21/02/2022 00:00,L,L,NE139EH
GB1887,21/02/2022 00:00,L,L,SY35JE
GB1784,23/02/2022 00:00,M,M,LS82HZ
GB1698,25/02/2022 00:00,M,M,WN23PX
GB943,20/02/2022 00:00,S,M,PR73TA
GB1163,21/02/2022 00:00,S,M,PO220DB
GB1956,23/02/2022 00:00,M,L,WA144JB
GB1287,23/02/2022 00:00,L,M,LU20JL
GB1152,21/02/2022 00:00,S,M,IP112UP
GB1037,21/02/2022 00:00,M,L,L239UN
GB1470,21/02/2022 00:00,M,M,NE335HS
GB13,20/02/2022 00:00,S,M,TN231AG
GB837,24/02/2022 00:00,M,M,BT196TH
GB575,19/02/2022 00:00,S,M,EN62DP
GB1649,25/02/2022 00:00,M,M,LN24ZB
GB622,21/02/2022 00:00,M,M,YO322WA
GB812,24/02/2022 00:00,M,M,ME174JT
GB1082,21/02/2022 00:00,M,M,L129EG
GB1554,21/02/2022 00:00,M,M,SA91AZ
GB189,21/02/2022 00:00,L,L,E15AZ
GB307,22/02/2022 00:00,M,M,ME46QA