box_id,Box Size,delivery_date,postcode,Delivery_day_Temperature,Cool Pouch Size,Delivery_day_Temperature_adj,Cool_Pouches_Needed
GB231,L,2022-02-19,CH624SX,4.2,M,4.2,2
GB1481,M,2022-02-20,LS178RS,8.4,M,8.4,2
GB1681,M,2022-02-20,CO27LR,8.1,M,8.1,2
GB1104,M,2022-02-20,EH177ES,7.0,S,7.0,1
GB1343,L,2022-02-21,IP84FA,6.5,L,6.5,2
GB1299,M,2022-02-20,TA201AF,10.6,S,10.6,2
GB1658,M,2022-02-20,S88QQ,,M,8.9,2
GB196,M,2022-02-23,CM32EN,6.7,M,6.7,2
GB678,L,2022-02-20,SW1E6AL,9.0,M,9.0,2
GB239,L,2022-02-20,TN257GH,,M,8.9,2
GB810,M,2022-02-23,SA115TB,,M,6.8,2
GB1687,L,2022-02-24,IM83AN,geocode missing,M,5.1,2
GB1248,L,2022-02-22,TN240TH,,L,8.1,2
GB601,M,2022-02-23,NN69WG,6.3,S,6.3,1
GB858,M,2022-02-20,WD194BP,9.8,M,9.8,2
GB382,M,2022-02-22,SK144FX,7.5,M,7.5,2
GB683,M,2022-02-19,DE248US,3.5,M,3.5,1
GB312,M,2022-02-20,RM64UQ,10.6,M,10.6,3
GB675,M,2022-02-20,LS176NS,8.4,M,8.4,2
GB3,M,2022-02-24,SA334PT,6.5,M,6.5,2
GB556,M,2022-02-21,CV14BS,7.2,M,7.2,2
GB1735,L,2022-02-20,LE80SX,8.4,M,8.4,2
GB711,M,2022-02-20,B602HL,9.5,S,9.5,1
GB756,L,2022-02-21,E175AU,6.5,L,6.5,2
GB1181,M,2022-02-20,MK42GG,8.7,S,8.7,1
GB157,M,2022-02-21,LE157DR,6.9,M,6.9,2
GB1405,M,2022-02-21,M73ND,7.0,M,7.0,2
GB903,L,2022-02-22,GU520XB,9.0,L,9.0,2
GB1330,L,2022-02-22,ML27DR,6.7,M,6.7,2
GB590,L,2022-02-21,SE61HW,8.3,L,8.3,2
GB1506,L,2022-02-20,B975PG,9.5,M,9.5,2
GB35,M,2022-02-23,ST161QR,6.9,M,6.9,2
GB1756,M,2022-02-20,BN32PS,9.7,S,9.7,1
GB1939,M,2022-02-25,W149SJ,5.2,M,5.2,2
GB781,L,2022-02-19,CM179ER,4.6,S,4.6,1
GB1548,M,2022-02-22,GY80LY,geocode missing,L,8.1,2
GB46,M,2022-02-21,LU74NY,6.4,M,6.4,2
GB1179,M,2022-02-24,BS67BU,6.3,S,6.3,1
GB1132,L,2022-02-19,PR14NL,4.3,M,4.3,2
GB1594,M,2022-02-24,CR36AA,5.1,M,5.1,2
GB1839,L,2022-02-22,LS122AH,7.7,M,7.7,2
GB79,M,2022-02-22,TQ50PA,,M,8.1,2
GB1852,M,2022-02-23,DN162UH,7.7,S,7.7,1
GB319,L,2022-02-21,ML126NZ,,M,7.2,2
GB1961,M,2022-02-20,KT13EU,10.2,M,10.2,3
GB1183,M,2022-02-25,PO144AL,5.8,L,5.8,2
GB240,M,2022-02-21,CF356AQ,8.1,M,8.1,2
GB647,M,2022-02-21,RG193UP,7.5,M,7.5,2
GB597,M,2022-02-20,E147LQ,9.0,M,9.0,2
GB619,M,2022-02-19,HA49RP,5.8,M,5.8,2
GB218,M,2022-02-21,SL24BP,7.6,M,7.6,2
GB1723,M,2022-02-23,E114DP,6.3,M,6.3,2
GB909,M,2022-02-20,PE321ST,8.3,M,8.3,2
GB1817,L,2022-02-23,NN118DA,,M,6.8,2
GB826,M,2022-02-21,EN13JA,6.5,M,6.5,2
GB1103,M,2022-02-21,RG45AJ,7.3,M,7.3,2
GB1820,L,2022-02-22,NR319XY,7.8,M,7.8,2
GB1078,M,2022-02-21,BD120DN,6.1,S,6.1,1
GB1871,M,2022-02-22,HA89AF,8.9,M,8.9,2
GB1679,M,2022-02-22,NG340TD,7.5,S,7.5,1
GB1059,M,2022-02-19,S361AW,,S,4.6,1
GB1503,M,2022-02-22,GU323NA,8.6,M,8.6,2
GB1930,M,2022-02-22,S730WH,7.7,M,7.7,2
GB738,M,2022-02-20,B601DG,9.5,M,9.5,2
GB971,L,2022-02-24,L176BY,5.0,L,5.0,2
GB275,M,2022-02-23,SW1P4DZ,6.3,S,6.3,1
GB1763,M,2022-02-24,BA147DQ,5.1,M,5.1,2
GB1992,M,2022-02-21,TN278DZ,7.6,M,7.6,2
GB1740,M,2022-02-22,NE297RG,7.8,S,7.8,1
GB1150,M,2022-02-25,S654HZ,,M,5.7,2
GB898,M,2022-02-19,KA308NW,3.8,S,3.8,1
GB977,M,2022-02-21,WA105JS,,M,7.2,2
GB1080,M,2022-02-24,EN62AT,6.4,M,6.4,2
GB1654,L,2022-02-21,BR40BQ,6.3,L,6.3,2
GB1894,M,2022-02-23,LS132LL,7.8,S,7.8,1
GB1682,M,2022-02-25,EN52HX,5.2,S,5.2,1
GB1608,L,2022-02-20,GU14DW,9.8,M,9.8,2
GB623,L,2022-02-20,TA100AS,10.6,M,10.6,3
GB664,M,2022-02-22,S608AZ,,S,8.1,1
GB1650,M,2022-02-21,SS118XP,7.8,M,7.8,2
GB381,L,2022-02-22,LE29TP,7.3,L,7.3,2
GB1386,M,2022-02-19,PO202BQ,6.6,S,6.6,1
GB615,M,2022-02-22,B744AS,8.6,M,8.6,2
GB1155,M,2022-02-21,YO89RN,7.2,M,7.2,2
GB925,M,2022-02-19,ST216NJ,4.1,S,4.1,1
GB1416,L,2022-02-20,CF110JE,9.4,L,9.4,2
GB1371,M,2022-02-22,OX43EL,7.9,S,7.9,1
GB882,L,2022-02-20,DA175QL,10.6,L,10.6,3
GB669,M,2022-02-23,BN164PA,6.2,M,6.2,2
GB1277,L,2022-02-22,BL23DY,7.5,L,7.5,2
GB1865,M,2022-02-24,DL57NH,3.9,M,3.9,1
GB1261,L,2022-02-21,SS178JA,7.8,M,7.8,2
GB379,M,2022-02-21,WF32FU,7.2,M,7.2,2
GB1826,L,2022-02-21,ME21EB,8.3,M,8.3,2
GB1987,L,2022-02-25,TS175HE,5.4,M,5.4,2
GB191,M,2022-02-21,PO124DJ,8.3,S,8.3,1
GB1596,M,2022-02-19,EX227EJ,,M,4.6,2
GB684,M,2022-02-22,GU126DS,9.0,S,9.0,1
GB1849,M,2022-02-22,TW140DL,9.2,S,9.2,1
GB880,M,2022-02-21,BL67QE,7.0,M,7.0,2
GB138,M,2022-02-21,E176RD,6.5,M,6.5,2
GB93,M,2022-02-21,N166HP,6.5,L,6.5,2
GB901,M,2022-02-23,KY58AU,5.9,M,5.9,2
GB1047,M,2022-02-19,HD22GD,3.2,M,3.2,1
GB1714,M,2022-02-23,G696EW,6.0,M,6.0,2
GB1858,M,2022-02-21,G444JD,7.3,M,7.3,2
GB1228,M,2022-02-22,PL268XH,10.8,M,10.8,3
GB1751,M,2022-02-20,HP201RW,8.7,M,8.7,2
GB1027,M,2022-02-19,EH46DY,3.6,M,3.6,1
GB110,L,2022-02-22,WA87BP,8.9,L,8.9,2
GB33,M,2022-02-21,E32PD,6.5,L,6.5,2
GB296,M,2022-02-19,FY39QX,4.3,L,4.3,2
GB260,M,2022-02-22,EH68ET,6.8,L,6.8,2
GB1808,L,2022-02-24,BT247FH,geocode missing,M,5.1,2
GB62,M,2022-02-21,AB219FE,3.9,S,3.9,1
GB459,M,2022-02-21,TD13SD,5.3,M,5.3,2
GB1774,M,2022-02-23,S361JR,,M,6.8,2
GB1560,M,2022-02-21,WN57DR,7.5,M,7.5,2
GB279,L,2022-02-20,B602PW,9.5,L,9.5,2
GB1225,M,2022-02-20,TN161TB,8.5,S,8.5,1
GB1148,M,2022-02-19,NG156RT,2.6,S,2.6,1
GB1119,L,2022-02-20,EH64BB,7.0,M,7.0,2
GB755,L,2022-02-21,EX143PN,8.6,L,8.6,2
GB301,M,2022-02-19,DL38QL,2.7,S,2.7,1
GB393,M,2022-02-24,BT119FZ,2.8,S,2.8,1
GB618,L,2022-02-25,CB235BN,5.2,S,5.2,1
GB1255,M,2022-02-22,BN149EQ,8.5,S,8.5,1
GB1553,M,2022-02-20,AL23AA,8.6,M,8.6,2
GB779,M,2022-02-22,DN320JF,7.4,M,7.4,2
GB554,L,2022-02-20,GL529PY,9.3,M,9.3,2
GB1766,M,2022-02-25,SA132DP,6.6,S,6.6,1
GB655,M,2022-02-21,TW209BU,7.9,L,7.9,2
GB1491,M,2022-02-22,E32GF,7.7,M,7.7,2
GB1108,M,2022-02-19,DA26LX,6.6,S,6.6,1
GB447,M,2022-02-25,M154UD,6.2,S,6.2,1
GB274,M,2022-02-21,SE207EE,6.5,M,6.5,2
GB392,M,2022-02-19,WA51DA,2.7,S,2.7,1
GB1062,M,2022-02-20,SK45BY,8.3,S,8.3,1
GB1711,M,2022-02-22,SG51ST,7.6,M,7.6,2
GB1025,L,2022-02-24,PE284RB,5.1,L,5.1,2
GB794,M,2022-02-22,G650GZ,6.7,M,6.7,2
GB579,L,2022-02-20,BD62QT,7.0,M,7.0,2
GB1226,M,2022-02-21,GL529HL,7.5,M,7.5,2
GB1157,M,2022-02-20,NR105AF,8.8,S,8.8,1
GB517,M,2022-02-20,M202TY,8.3,S,8.3,1
GB437,M,2022-02-24,LN34JG,3.9,M,3.9,1
GB557,M,2022-02-23,SW181AP,6.3,S,6.3,1
GB1673,M,2022-02-22,B688PB,8.6,S,8.6,1
GB724,M,2022-02-24,CF244QU,6.0,M,6.0,2
GB357,L,2022-02-20,DE127QF,8.0,L,8.0,2
GB693,L,2022-02-21,CM34TD,7.8,L,7.8,2
GB917,L,2022-02-21,CF51JN,7.9,L,7.9,2
GB485,M,2022-02-21,MK418BE,6.8,M,6.8,2
GB380,M,2022-02-19,SE85BN,4.5,M,4.5,2
GB1366,M,2022-02-21,B938LW,7.2,S,7.2,1
GB1728,L,2022-02-20,HR47BT,9.1,L,9.1,2
GB66,M,2022-02-22,OL115EX,7.5,S,7.5,1
GB578,M,2022-02-22,M239QB,7.5,M,7.5,2
GB1984,M,2022-02-22,HR49HE,8.5,M,8.5,2
GB1267,M,2022-02-20,S751EE,8.4,L,8.4,2
GB258,M,2022-02-23,WF14TL,7.8,M,7.8,2
GB482,M,2022-02-20,TW77AA,10.2,S,10.2,2
GB1462,M,2022-02-22,NN54BG,7.9,M,7.9,2
GB1944,M,2022-02-23,IM13ES,geocode missing,S,6.8,1
GB1724,M,2022-02-20,DE44EG,7.8,M,7.8,2
GB644,L,2022-02-23,BT197WA,geocode missing,L,6.8,2
GB1290,M,2022-02-19,TN221JG,6.0,M,6.0,2
GB1765,M,2022-02-23,G513AB,6.0,M,6.0,2
GB1910,L,2022-02-21,YO88GH,7.4,M,7.4,2
GB875,L,2022-02-20,LL486PY,9.0,L,9.0,2
GB267,L,2022-02-21,GU249SB,7.6,L,7.6,2
GB1429,M,2022-02-22,S102PB,,M,8.1,2
GB411,M,2022-02-24,ST216NF,4.2,M,4.2,2
GB1444,M,2022-02-19,BR52QX,6.6,M,6.6,2
GB1200,L,2022-02-19,PO61DH,7.0,L,7.0,2
GB757,L,2022-02-21,WN24TR,7.0,M,7.0,2
GB1072,M,2022-02-22,NW64NB,7.7,M,7.7,2
GB1867,M,2022-02-23,LS236BD,7.8,S,7.8,1
GB474,M,2022-02-21,KA36FH,7.8,M,7.8,2
GB1005,M,2022-02-21,L254UE,8.4,M,8.4,2
GB1733,M,2022-02-21,NE614NU,6.0,L,6.0,2
GB695,M,2022-02-22,NP197QP,9.3,M,9.3,2
GB111,M,2022-02-20,GL76FS,9.2,M,9.2,2
GB672,L,2022-02-21,TR71RW,9.9,M,9.9,2
GB746,M,2022-02-21,CV59EL,7.2,M,7.2,2
GB1086,L,2022-02-21,OX262XN,7.0,M,7.0,2
GB1013,M,2022-02-21,EX25QY,8.6,S,8.6,1
GB1744,M,2022-02-23,SG36DE,6.1,S,6.1,1
GB295,L,2022-02-25,HU181TF,5.3,S,5.3,1
GB1426,L,2022-02-20,DE127FD,8.0,S,8.0,1
GB807,M,2022-02-21,ML91BL,7.3,S,7.3,1
GB1221,L,2022-02-22,CV225HW,,M,8.1,2
GB106,L,2022-02-24,GU105AY,6.0,M,6.0,2
GB1587,M,2022-02-21,ME59EQ,7.8,M,7.8,2
GB1251,L,2022-02-19,CM50GA,4.6,M,4.6,2
GB292,M,2022-02-23,RG129TG,6.5,S,6.5,1
GB699,M,2022-02-24,LS104SZ,5.0,M,5.0,2
GB378,M,2022-02-20,SE231JS,9.0,M,9.0,2
GB1787,M,2022-02-21,OX93RX,7.5,S,7.5,1
GB1731,L,2022-02-21,RH123LH,7.4,M,7.4,2
GB91,M,2022-02-25,DT28XR,,S,5.7,1
GB1999,M,2022-02-21,RM124LL,8.3,M,8.3,2
GB320,M,2022-02-21,CM73AP,6.8,M,6.8,2
GB1773,M,2022-02-22,HD97AZ,7.7,S,7.7,1
GB608,M,2022-02-21,ME195GB,6.3,M,6.3,2
GB1049,M,2022-02-21,SY45DU,7.3,S,7.3,1
GB1191,M,2022-02-21,CO38WP,6.5,M,6.5,2
GB1318,M,2022-02-22,TF28JZ,8.1,L,8.1,2
GB156,L,2022-02-21,RM25NR,8.3,L,8.3,2
GB1408,M,2022-02-22,ME156PY,7.6,S,7.6,1
GB1488,L,2022-02-20,SR31HG,8.6,M,8.6,2
GB142,M,2022-02-19,CF238RG,7.7,M,7.7,2
GB1335,L,2022-02-21,BA33BY,6.7,L,6.7,2
GB204,M,2022-02-19,CO49ST,3.8,S,3.8,1
GB451,M,2022-02-23,BT161XB,-21.6,S,-21.6,1
GB1876,L,2022-02-19,E140PZ,4.5,M,4.5,2
GB1559,M,2022-02-20,CF466EJ,9.4,M,9.4,2
GB1569,M,2022-02-20,BA112UY,8.7,M,8.7,2
GB1528,M,2022-02-21,WA158BJ,7.0,M,7.0,2
GB1417,L,2022-02-21,IP51JB,6.5,M,6.5,2
GB658,M,2022-02-20,CO58LB,9.9,L,9.9,2
GB473,M,2022-02-24,SO224HH,5.3,M,5.3,2
GB149,L,2022-02-21,DH70NW,5.9,L,5.9,2
GB1806,M,2022-02-22,BS207GU,9.3,S,9.3,1
GB105,L,2022-02-19,PO156HU,7.0,L,7.0,2
GB1476,M,2022-02-20,PE197GB,9.0,S,9.0,1
GB162,M,2022-02-21,DH15YE,5.9,M,5.9,2
GB220,M,2022-02-19,SY186BJ,6.4,L,6.4,2
GB234,M,2022-02-23,B602LH,7.2,M,7.2,2
GB244,L,2022-02-21,DN227JB,6.7,L,6.7,2
GB1035,L,2022-02-22,DY117DR,8.1,M,8.1,2
GB1562,L,2022-02-25,CT187SJ,5.2,L,5.2,2
GB1803,M,2022-02-21,AL13PJ,6.1,M,6.1,2
GB1632,M,2022-02-19,NG58BY,2.6,S,2.6,1
GB1309,M,2022-02-22,SW120JD,7.7,M,7.7,2
GB147,M,2022-02-20,KT190SZ,8.7,S,8.7,1
GB1136,M,2022-02-24,G536XD,2.1,M,2.1,1
GB1834,L,2022-02-24,TA11AT,5.9,M,5.9,2
GB1003,L,2022-02-23,G776FP,6.0,M,6.0,2
GB1720,M,2022-02-22,E46QS,7.7,S,7.7,1
GB1446,M,2022-02-21,BN18RG,7.5,M,7.5,2
GB1450,M,2022-02-24,FK12LF,2.1,M,2.1,1
GB1624,M,2022-02-20,PR97TW,8.0,S,8.0,1
GB1844,M,2022-02-19,BB120TE,,S,4.6,1
GB511,M,2022-02-20,IP60HP,8.1,S,8.1,1
GB1161,M,2022-02-24,TQ130FB,6.5,M,6.5,2
GB864,M,2022-02-22,SK56UN,7.5,S,7.5,1
GB777,M,2022-02-23,BT251EW,27.3,S,27.3,4
GB1172,M,2022-02-25,LE80LD,5.9,M,5.9,2
GB1250,M,2022-02-21,BN37QY,7.5,M,7.5,2
GB1902,L,2022-02-20,SS12UJ,9.9,L,9.9,2
GB120,M,2022-02-20,TA116JX,10.6,M,10.6,3
GB1601,M,2022-02-21,EX82JP,8.6,M,8.6,2
GB1474,M,2022-02-21,CW57RB,7.3,L,7.3,2
GB1840,M,2022-02-22,SG142HJ,7.6,S,7.6,1
GB924,M,2022-02-22,EX81QW,9.8,S,9.8,1
GB994,M,2022-02-23,RM107FR,7.8,M,7.8,2
GB906,M,2022-02-21,LS143LD,7.2,M,7.2,2
GB1660,L,2022-02-23,B975LZ,7.2,M,7.2,2
GB410,M,2022-02-20,G760BF,7.4,S,7.4,1
GB719,M,2022-02-21,LU55NE,6.1,M,6.1,2
GB278,L,2022-02-21,WA67LZ,8.4,L,8.4,2
GB347,L,2022-02-21,LL185RH,8.0,L,8.0,2
GB1466,M,2022-02-22,OX73AA,7.9,L,7.9,2
GB1252,M,2022-02-20,SW183DY,9.0,M,9.0,2
GB1395,M,2022-02-25,SA35PF,7.3,M,7.3,2
GB660,M,2022-02-23,HU67EL,7.6,S,7.6,1
GB983,M,2022-02-21,L405TX,7.5,S,7.5,1
GB65,M,2022-02-19,S124EL,,M,4.6,2
GB1970,M,2022-02-20,IP75JL,8.1,S,8.1,1
GB1689,M,2022-02-21,BS396YG,6.7,M,6.7,2
GB1706,M,2022-02-19,SN58PY,5.3,M,5.3,2
GB80,M,2022-02-24,PR266QL,5.3,M,5.3,2
GB1517,M,2022-02-22,BN220UQ,8.4,M,8.4,2
GB721,M,2022-02-22,WS32TF,8.1,M,8.1,2
GB526,M,2022-02-22,WD244YX,8.9,M,8.9,2
GB32,L,2022-02-21,M345RQ,7.0,M,7.0,2
GB52,M,2022-02-20,IP256BP,8.3,S,8.3,1
GB602,M,2022-02-20,HD33NY,8.4,S,8.4,1
GB1285,M,2022-02-20,NW53ED,9.0,M,9.0,2
GB247,M,2022-02-19,PE86QE,3.3,M,3.3,1
GB318,M,2022-02-20,SP13NG,9.1,M,9.1,2
GB582,M,2022-02-23,BD161QP,6.4,M,6.4,2
GB431,M,2022-02-24,ST78DE,3.9,M,3.9,1
GB1482,M,2022-02-25,M146XH,6.2,S,6.2,1
GB1081,M,2022-02-22,NW62NP,7.7,M,7.7,2
GB617,M,2022-02-21,PO376RQ,8.6,M,8.6,2
GB1989,M,2022-02-23,CF372LG,8.3,M,8.3,2
GB1199,M,2022-02-23,DH21NF,6.4,S,6.4,1
GB136,L,2022-02-21,G726AR,7.3,L,7.3,2
GB867,M,2022-02-19,OX331DH,4.7,S,4.7,1
GB1182,M,2022-02-25,TW94HG,6.2,M,6.2,2
GB1959,L,2022-02-19,SN34SR,5.3,L,5.3,2
GB828,M,2022-02-22,HP156AD,8.1,S,8.1,1
GB1954,M,2022-02-20,WA94YW,8.3,S,8.3,1
GB987,M,2022-02-19,WA120BJ,2.7,M,2.7,1
GB1338,M,2022-02-21,W148BN,6.5,L,6.5,2
GB523,L,2022-02-20,MK109FS,8.7,M,8.7,2
GB1026,M,2022-02-19,BH52BJ,6.8,S,6.8,1
GB1135,M,2022-02-25,NE650SD,5.9,S,5.9,1
GB1238,M,2022-02-20,IP14DT,8.1,S,8.1,1
GB896,M,2022-02-22,CW71PE,7.5,S,7.5,1
GB735,M,2022-02-24,BT817BD,geocode missing,M,5.1,2
GB1484,M,2022-02-21,TQ32HY,8.6,S,8.6,1
GB1337,L,2022-02-20,WD174JA,9.8,M,9.8,2
GB565,L,2022-02-22,SS73SE,9.1,M,9.1,2
GB506,M,2022-02-22,L14DL,8.9,M,8.9,2
GB1869,L,2022-02-19,SO165DE,7.0,M,7.0,2
GB968,L,2022-02-21,SW25HY,6.5,L,6.5,2
GB1566,L,2022-02-20,B297HU,9.5,M,9.5,2
GB507,L,2022-02-20,LA63JR,,L,8.9,2
GB1627,M,2022-02-21,DH44NN,5.9,M,5.9,2
GB1498,L,2022-02-22,BH192NS,9.2,L,9.2,2
GB1379,M,2022-02-22,TF15NR,8.1,M,8.1,2
GB1833,M,2022-02-19,ME194JE,4.8,S,4.8,1
GB1662,M,2022-02-24,DN145JL,4.5,M,4.5,2
GB435,M,2022-02-20,PE196PE,9.0,M,9.0,2
GB1404,L,2022-02-21,W111PH,6.5,L,6.5,2
GB69,M,2022-02-24,S101PB,,S,5.1,1
GB268,L,2022-02-21,B240SB,7.2,M,7.2,2
GB661,M,2022-02-19,G336GE,3.8,M,3.8,1
GB1551,L,2022-02-21,DH22UB,5.9,M,5.9,2
GB1279,L,2022-02-19,BN132HT,6.6,M,6.6,2
GB160,M,2022-02-20,SW151EX,9.0,M,9.0,2
GB257,M,2022-02-20,BL14AZ,8.3,S,8.3,1
GB1347,L,2022-02-20,GL193AT,9.3,M,9.3,2
GB980,L,2022-02-22,CV358DJ,8.6,M,8.6,2
GB1911,L,2022-02-21,BS50AE,8.1,L,8.1,2
GB1242,M,2022-02-23,ME101TX,6.7,M,6.7,2
GB83,M,2022-02-19,LL137AG,4.2,M,4.2,2
GB1479,M,2022-02-22,EX57BW,9.8,S,9.8,1
GB1668,M,2022-02-24,E106NA,5.5,M,5.5,2
GB1096,M,2022-02-21,CM83NZ,7.8,M,7.8,2
GB1294,M,2022-02-24,TR71PJ,7.8,M,7.8,2
GB409,M,2022-02-22,RG249EA,8.6,S,8.6,1
GB1556,L,2022-02-22,BD100SQ,6.6,L,6.6,2
GB100,L,2022-02-22,CO45QN,6.9,M,6.9,2
GB419,M,2022-02-22,SS129RP,9.1,M,9.1,2
GB1933,L,2022-02-21,NE663PJ,6.1,M,6.1,2
GB1430,L,2022-02-24,NP253LG,6.2,M,6.2,2
GB1067,M,2022-02-20,GU266FU,9.8,M,9.8,2
GB1981,L,2022-02-20,LU73NT,8.7,M,8.7,2
GB1699,L,2022-02-21,IP313TU,6.5,M,6.5,2
GB802,M,2022-02-19,CM13JR,4.6,M,4.6,2
GB1977,M,2022-02-22,HU165BG,7.6,M,7.6,2
GB498,L,2022-02-22,SP61GE,9.2,L,9.2,2
GB10,M,2022-02-21,MK404BF,6.8,M,6.8,2
GB1783,M,2022-02-20,PR99GJ,8.0,S,8.0,1
GB1923,M,2022-02-24,GL502XB,5.7,S,5.7,1
GB42,M,2022-02-20,GU266ED,9.8,M,9.8,2
GB1574,M,2022-02-21,EH89QS,6.8,M,6.8,2
GB1061,L,2022-02-25,NE225HG,5.0,L,5.0,2
GB118,M,2022-02-24,WN35RJ,3.9,M,3.9,1
GB1396,M,2022-02-24,SL62DY,6.1,M,6.1,2
GB272,M,2022-02-22,WS124WS,8.1,S,8.1,1
GB503,M,2022-02-19,TQ33LU,7.7,S,7.7,1
GB1697,M,2022-02-22,WR99EW,,M,8.1,2
GB1329,M,2022-02-24,TS43FA,3.9,M,3.9,1
GB1522,M,2022-02-25,AB514TL,5.0,M,5.0,2
GB177,M,2022-02-23,EH12LD,5.9,M,5.9,2
GB316,L,2022-02-21,NG123SQ,6.5,M,6.5,2
GB1908,L,2022-02-24,CT11HT,6.0,L,6.0,2
GB488,M,2022-02-22,CO70HB,6.9,M,6.9,2
GB527,L,2022-02-23,BT161HU,geocode missing,M,6.8,2
GB385,M,2022-02-19,EH46NA,3.6,S,3.6,1
GB648,M,2022-02-20,HU46AY,7.6,M,7.6,2
GB1323,M,2022-02-20,WN21QT,8.3,S,8.3,1
GB1184,M,2022-02-19,SS11HH,6.0,M,6.0,2
GB916,L,2022-02-20,E176HS,9.0,L,9.0,2
GB1222,M,2022-02-22,LU40YR,7.6,M,7.6,2
GB649,M,2022-02-23,NE659YB,7.5,M,7.5,2
GB548,M,2022-02-21,TQ125SY,8.6,M,8.6,2
GB535,M,2022-02-23,TR108RE,8.7,S,8.7,1
GB1530,L,2022-02-22,EX379AP,10.0,M,10.0,3
GB27,L,2022-02-21,G663FF,7.3,M,7.3,2
GB222,M,2022-02-23,M68WQ,7.2,S,7.2,1
GB956,M,2022-02-21,M251PH,7.0,L,7.0,2
GB1304,M,2022-02-20,BN150DR,9.7,S,9.7,1
GB1467,M,2022-02-20,PR43ZL,8.0,M,8.0,2
GB1321,M,2022-02-21,E15JL,6.5,M,6.5,2
GB1737,L,2022-02-21,SE100YL,8.3,L,8.3,2
GB1382,M,2022-02-22,WR38TD,,M,8.1,2
GB1162,M,2022-02-20,CV239GE,9.5,S,9.5,1
GB165,M,2022-02-22,NG75LR,7.6,S,7.6,1
GB310,L,2022-02-25,OX263ED,5.6,S,5.6,1
GB84,M,2022-02-23,NE156BS,6.4,M,6.4,2
GB427,M,2022-02-21,NR104LJ,7.1,S,7.1,1
GB1431,M,2022-02-24,L225PL,5.3,M,5.3,2
GB927,M,2022-02-20,LN11QL,8.2,S,8.2,1
GB1895,M,2022-02-23,DE555QQ,7.1,M,7.1,2
GB599,M,2022-02-22,SO183PS,9.6,M,9.6,2
GB1438,M,2022-02-23,DN106HB,7.1,S,7.1,1
GB43,L,2022-02-19,NW33LG,4.5,L,4.5,2
GB311,M,2022-02-21,BD207EX,6.1,M,6.1,2
GB682,M,2022-02-23,OX145QL,6.2,S,6.2,1
GB892,M,2022-02-20,BN14ZD,9.7,M,9.7,2
GB1001,L,2022-02-19,SP53BH,5.6,M,5.6,2
GB1988,M,2022-02-23,E146US,6.3,M,6.3,2
GB1535,M,2022-02-23,SW67SY,6.3,M,6.3,2
GB1864,M,2022-02-19,SR81HL,2.7,S,2.7,1
GB433,M,2022-02-23,S431FE,7.1,M,7.1,2
GB996,M,2022-02-21,TR24LX,9.9,M,9.9,2
GB1116,M,2022-02-23,E48NR,6.3,S,6.3,1
GB1541,M,2022-02-20,BN132AB,9.7,M,9.7,2
GB1478,M,2022-02-21,SN128AY,6.8,M,6.8,2
GB1071,M,2022-02-24,CT53EF,6.0,M,6.0,2
GB1173,M,2022-02-22,DD114HN,6.5,S,6.5,1
GB1411,M,2022-02-23,DA81PD,7.8,S,7.8,1
GB1392,M,2022-02-19,PR45RD,4.3,M,4.3,2
GB533,M,2022-02-19,DL30ZH,2.7,S,2.7,1
GB1558,L,2022-02-20,DG11QJ,7.6,M,7.6,2
GB229,M,2022-02-20,SK121JT,8.3,S,8.3,1
GB798,M,2022-02-21,PE318LH,6.7,M,6.7,2
GB215,M,2022-02-24,OX116HT,5.7,S,5.7,1
GB1885,M,2022-02-24,BR51GU,4.9,M,4.9,2
GB932,L,2022-02-22,SY38NZ,8.3,M,8.3,2
GB1631,L,2022-02-22,JE38EN,geocode missing,L,8.1,2
GB1314,L,2022-02-20,SS55BX,9.9,S,9.9,1
GB327,L,2022-02-23,AB106PP,5.3,M,5.3,2
GB202,M,2022-02-22,S603DJ,,M,8.1,2
GB1278,M,2022-02-20,BH220JL,10.4,S,10.4,2
GB1224,M,2022-02-23,W120BZ,6.3,S,6.3,1
GB424,M,2022-02-19,L163NF,4.2,M,4.2,2
GB1831,M,2022-02-25,SE279QY,5.2,S,5.2,1
GB1515,M,2022-02-20,OL104JL,8.3,S,8.3,1
GB1087,M,2022-02-21,GU359NZ,7.4,M,7.4,2
GB1480,M,2022-02-22,SE231RS,7.7,M,7.7,2
GB251,M,2022-02-25,NR47HT,5.3,M,5.3,2
GB1602,M,2022-02-21,ST86JF,7.0,M,7.0,2
GB1618,M,2022-02-23,FK15QS,5.9,S,5.9,1
GB1896,M,2022-02-21,SO410QU,7.6,M,7.6,2
GB1755,L,2022-02-22,NR13JN,7.7,M,7.7,2
GB813,M,2022-02-21,PO202GU,7.5,M,7.5,2
GB1249,L,2022-02-22,KT234LF,8.8,L,8.8,2
GB50,L,2022-02-24,CR52DS,5.1,L,5.1,2
GB995,M,2022-02-21,SO166RY,8.3,M,8.3,2
GB1073,M,2022-02-19,RG213BY,5.7,S,5.7,1
GB303,M,2022-02-21,SW191UF,6.5,M,6.5,2
GB856,M,2022-02-22,GY68UP,geocode missing,M,8.1,2
GB1986,M,2022-02-19,NR148UA,4.3,M,4.3,2
GB369,M,2022-02-20,PL67QS,9.9,M,9.9,2
GB1473,M,2022-02-21,DN74JR,,M,7.2,2
GB302,M,2022-02-20,TN223EG,9.5,S,9.5,1
GB248,L,2022-02-24,RM108NX,7.1,L,7.1,2
GB510,M,2022-02-24,TN299AS,,M,5.1,2
GB420,M,2022-02-22,ME194GW,7.6,M,7.6,2
GB1609,M,2022-02-19,BR53DE,6.6,S,6.6,1
GB1175,M,2022-02-21,LU32AF,6.1,M,6.1,2
GB493,M,2022-02-21,IP190LN,7.2,M,7.2,2
GB1661,L,2022-02-19,M242WN,2.7,M,2.7,1
GB643,M,2022-02-22,CH643TL,8.9,M,8.9,2
GB673,M,2022-02-21,SR79AJ,5.9,M,5.9,2
GB1112,M,2022-02-24,HP25JJ,5.1,S,5.1,1
GB1380,L,2022-02-20,RG63DU,9.3,M,9.3,2
GB991,M,2022-02-21,NG123LY,6.5,S,6.5,1
GB428,M,2022-02-25,DE45NG,5.8,S,5.8,1
GB1670,M,2022-02-19,E162SQ,6.6,S,6.6,1
GB1742,M,2022-02-25,IG103DP,6.9,S,6.9,1
GB1336,L,2022-02-21,SA678PE,8.6,L,8.6,2
GB1921,M,2022-02-25,S728WP,6.0,S,6.0,1
GB305,M,2022-02-20,CV92BH,9.5,M,9.5,2
GB1972,M,2022-02-21,ME59ND,7.8,M,7.8,2
GB912,L,2022-02-24,SG86NU,5.8,M,5.8,2
GB540,M,2022-02-25,PL146SD,,M,5.7,2
GB576,M,2022-02-19,HD33ZL,3.2,S,3.2,1
GB129,M,2022-02-25,CO151BH,,M,5.7,2
GB264,M,2022-02-24,GY24JB,geocode missing,M,5.1,2
GB1656,M,2022-02-21,AL109GL,6.1,M,6.1,2
GB634,M,2022-02-23,GU149RT,6.4,S,6.4,1
GB700,M,2022-02-20,NE236TW,7.2,M,7.2,2
GB108,L,2022-02-23,SL66HH,6.5,L,6.5,2
GB1413,L,2022-02-21,S351SJ,,L,7.2,2
GB15,M,2022-02-23,B422QU,7.2,M,7.2,2
GB562,L,2022-02-21,NN141RA,6.4,L,6.4,2
GB1617,M,2022-02-20,DN48TD,,S,8.9,1
GB1857,M,2022-02-23,SN49PB,6.3,S,6.3,1
GB326,M,2022-02-23,YO267QR,7.8,M,7.8,2
GB1095,L,2022-02-21,BA16RT,8.1,M,8.1,2
GB1319,L,2022-02-23,BS138BE,7.7,L,7.7,2
GB1040,L,2022-02-20,PO93FE,10.3,M,10.3,3
GB1453,M,2022-02-25,LS101ER,6.0,S,6.0,1
GB739,M,2022-02-22,EX57FU,9.8,S,9.8,1
GB1247,L,2022-02-19,PR58DY,4.3,M,4.3,2
GB941,M,2022-02-23,GU315SW,6.4,M,6.4,2
GB1822,L,2022-02-20,CB74AU,8.4,L,8.4,2
GB1031,M,2022-02-24,SS117AS,6.4,S,6.4,1
GB835,M,2022-02-21,CH620AQ,8.4,S,8.4,1
GB954,L,2022-02-22,NW89NS,7.7,M,7.7,2
GB1202,L,2022-02-21,DL56LJ,6.6,M,6.6,2
GB422,L,2022-02-24,CB241AU,5.8,L,5.8,2
GB1477,M,2022-02-20,B744EL,9.5,M,9.5,2
GB1045,L,2022-02-23,TW170HU,7.0,L,7.0,2
GB87,M,2022-02-24,PO157AD,6.3,L,6.3,2
GB1968,M,2022-02-22,BS376JT,9.3,M,9.3,2
GB1546,M,2022-02-23,DA12EF,7.8,M,7.8,2
GB726,M,2022-02-22,TQ27BN,9.8,L,9.8,2
GB483,M,2022-02-22,SO505NA,9.6,M,9.6,2
GB1076,M,2022-02-23,TD57FA,5.6,M,5.6,2
GB910,M,2022-02-21,SW66SJ,6.5,M,6.5,2
GB1663,M,2022-02-22,CH658AH,8.9,M,8.9,2
GB629,M,2022-02-25,IM32JT,geocode missing,M,5.7,2
GB631,L,2022-02-19,DL131QX,1.4,M,1.4,1
GB1016,M,2022-02-20,PE339PJ,8.3,M,8.3,2
GB407,M,2022-02-25,EH143ET,5.3,S,5.3,1
GB1924,M,2022-02-23,IM96ES,geocode missing,M,6.8,2
GB722,M,2022-02-19,TQ59NT,,M,4.6,2
GB645,L,2022-02-20,SS132HT,9.9,M,9.9,2
GB986,M,2022-02-20,SW111QB,9.0,M,9.0,2
GB1684,L,2022-02-23,TR13DA,8.2,M,8.2,2
GB364,M,2022-02-23,YO304UH,7.8,M,7.8,2
GB612,M,2022-02-24,BN37AF,6.4,M,6.4,2
GB154,M,2022-02-20,SR55TU,8.6,M,8.6,2
GB819,M,2022-02-24,TW89GW,6.4,M,6.4,2
GB436,M,2022-02-21,E149GU,6.5,L,6.5,2
GB406,M,2022-02-19,CA144UT,,S,4.6,1
GB627,M,2022-02-23,KT220SQ,7.0,M,7.0,2
GB1363,M,2022-02-22,NE65SJ,6.1,M,6.1,2
GB1357,L,2022-02-20,NN155UH,9.0,M,9.0,2
GB246,M,2022-02-20,KY114FD,7.0,S,7.0,1
GB1730,L,2022-02-21,WF75NF,7.2,L,7.2,2
GB1940,M,2022-02-22,BA214BQ,9.4,M,9.4,2
GB313,L,2022-02-23,KY39JB,5.9,M,5.9,2
GB412,M,2022-02-21,ME90BB,7.8,S,7.8,1
GB1677,M,2022-02-24,AL71NS,5.1,S,5.1,1
GB1722,M,2022-02-24,PL340DA,6.7,M,6.7,2
GB914,M,2022-02-25,NW99BD,5.5,L,5.5,2
GB186,M,2022-02-23,SW46HA,6.3,L,6.3,2
GB677,M,2022-02-23,PA29LB,6.0,M,6.0,2
GB460,L,2022-02-21,CT11BP,7.2,L,7.2,2
GB1305,M,2022-02-19,DH87QD,3.0,M,3.0,1
GB508,M,2022-02-21,WA143LG,7.0,L,7.0,2
GB1425,M,2022-02-19,EX328PL,8.1,M,8.1,2
GB1936,M,2022-02-20,NR337NX,8.7,S,8.7,1
GB193,M,2022-02-25,ME74PP,5.3,M,5.3,2
GB423,L,2022-02-23,E162EY,7.8,L,7.8,2
GB237,M,2022-02-22,WF12GP,7.7,M,7.7,2
GB1114,M,2022-02-25,IP30PH,5.0,M,5.0,2
GB466,M,2022-02-20,HU88PU,7.6,S,7.6,1
GB1144,M,2022-02-23,B449NB,7.2,M,7.2,2
GB1516,L,2022-02-23,L78RW,8.6,L,8.6,2
GB1223,M,2022-02-19,HD59EB,3.2,M,3.2,1
GB1024,M,2022-02-20,NG348DY,8.3,M,8.3,2
GB38,M,2022-02-19,SW181RU,4.5,S,4.5,1
GB1764,M,2022-02-22,ME207JL,9.5,M,9.5,2
GB351,M,2022-02-23,YO265SH,7.8,S,7.8,1
GB161,L,2022-02-23,BN14QB,6.2,M,6.2,2
GB1504,L,2022-02-23,PE282NW,6.3,M,6.3,2
GB1543,M,2022-02-21,BS45EL,8.1,M,8.1,2
GB1229,M,2022-02-20,EN35TT,9.0,M,9.0,2
GB671,M,2022-02-19,GL20NT,4.9,M,4.9,2
GB1830,M,2022-02-23,YO124LH,7.4,S,7.4,1
GB1625,L,2022-02-21,SN252SJ,7.1,L,7.1,2
GB1775,L,2022-02-21,CF818JG,7.9,L,7.9,2
GB659,M,2022-02-21,EH147HS,6.8,S,6.8,1
GB976,L,2022-02-23,EH153AT,5.9,L,5.9,2
GB840,L,2022-02-25,RH123SL,5.6,M,5.6,2
GB1097,M,2022-02-20,SP116TQ,9.4,S,9.4,1
GB1489,M,2022-02-21,ME141TX,7.8,M,7.8,2
GB1454,M,2022-02-23,PA87BL,6.0,S,6.0,1
GB24,L,2022-02-22,LA130JR,7.8,L,7.8,2
GB1497,M,2022-02-21,NW101RJ,7.6,M,7.6,2
GB1085,L,2022-02-20,SO173AH,10.3,M,10.3,3
GB1633,L,2022-02-23,BT204RX,geocode missing,M,6.8,2
GB1946,M,2022-02-21,SO211LZ,8.3,S,8.3,1
GB1958,M,2022-02-24,CF329DQ,6.3,M,6.3,2
GB1448,M,2022-02-20,BS16ZD,9.6,M,9.6,2
GB1915,M,2022-02-25,GU321EH,5.4,S,5.4,1
GB429,M,2022-02-22,LS249RL,7.7,S,7.7,1
GB1583,L,2022-02-23,BS57AE,7.7,L,7.7,2
GB1344,M,2022-02-21,RG54DT,7.3,S,7.3,1
GB1090,M,2022-02-21,B610PS,7.2,M,7.2,2
GB334,M,2022-02-21,EH526RN,6.8,L,6.8,2
GB1799,M,2022-02-23,BN68BS,6.2,M,6.2,2
GB1835,M,2022-02-23,SE163DE,6.3,S,6.3,1
GB1748,M,2022-02-21,SK94BG,7.0,S,7.0,1
GB221,M,2022-02-25,LL145BS,6.8,M,6.8,2
GB650,M,2022-02-24,PO196UN,6.4,M,6.4,2
GB555,M,2022-02-19,NE243QQ,5.0,S,5.0,1
GB1665,M,2022-02-21,KA65EN,7.5,M,7.5,2
GB1520,M,2022-02-24,PR28LA,5.3,L,5.3,2
GB1022,L,2022-02-23,BH148RW,6.2,L,6.2,2
GB228,M,2022-02-25,ST135EJ,6.2,L,6.2,2
GB1351,M,2022-02-21,NR33FH,7.1,L,7.1,2
GB1110,L,2022-02-23,BH104FR,6.2,M,6.2,2
GB1536,M,2022-02-19,CM26UX,4.6,S,4.6,1
GB662,M,2022-02-25,M342WE,6.2,S,6.2,1
GB159,M,2022-02-22,NW16BA,7.7,M,7.7,2
GB1262,M,2022-02-21,TW197LG,7.9,M,7.9,2
GB1705,M,2022-02-22,SO311EU,9.6,M,9.6,2
GB1334,M,2022-02-21,WF127AY,7.2,M,7.2,2
GB398,M,2022-02-25,PO48YQ,5.8,S,5.8,1
GB1904,M,2022-02-22,NG26NE,7.6,M,7.6,2
GB1209,M,2022-02-22,BH91SB,9.2,M,9.2,2
GB1471,M,2022-02-21,L258SA,8.4,M,8.4,2
GB703,L,2022-02-20,TR165TW,10.4,L,10.4,3
GB216,M,2022-02-24,CH461QL,5.0,S,5.0,1
GB109,M,2022-02-21,CW113GL,7.0,M,7.0,2
GB1437,M,2022-02-23,LS31FA,7.8,M,7.8,2
GB1557,M,2022-02-21,DL78WA,6.8,M,6.8,2
GB1785,M,2022-02-19,E149WY,4.5,S,4.5,1
GB1023,M,2022-02-21,CA26AA,6.4,M,6.4,2
GB729,M,2022-02-20,WF76JG,8.4,S,8.4,1
GB1920,M,2022-02-19,BB30BR,,M,4.6,2
GB1995,M,2022-02-19,GU323HX,5.7,S,5.7,1
GB1882,M,2022-02-25,SE192QF,5.2,M,5.2,2
GB9,L,2022-02-21,GU273AP,7.6,L,7.6,2
GB1105,L,2022-02-22,SK153EP,7.5,M,7.5,2
GB761,M,2022-02-21,ME169LW,6.3,M,6.3,2
GB102,M,2022-02-21,SS69QZ,7.8,M,7.8,2
GB1418,M,2022-02-21,NG118LR,6.2,S,6.2,1
GB529,M,2022-02-21,NE661BS,6.1,M,6.1,2
GB277,L,2022-02-21,BN412WQ,7.5,L,7.5,2
GB1346,M,2022-02-24,CV312LH,5.0,M,5.0,2
GB1352,M,2022-02-20,TA64ST,9.4,M,9.4,2
GB1214,M,2022-02-23,TD58AF,5.6,M,5.6,2
GB1815,M,2022-02-22,NE311AR,6.1,S,6.1,1
GB871,M,2022-02-23,HU107DP,7.6,M,7.6,2
GB530,L,2022-02-20,DN350RJ,7.9,M,7.9,2
GB939,M,2022-02-19,M230LL,2.7,M,2.7,1
GB639,L,2022-02-21,CW109QP,7.0,L,7.0,2
GB1935,L,2022-02-20,TN157NN,8.5,M,8.5,2
GB928,M,2022-02-24,AB157QS,2.6,M,2.6,1
GB1139,M,2022-02-22,SW148DX,7.7,S,7.7,1
GB1021,M,2022-02-22,E162QX,9.5,M,9.5,2
GB1501,L,2022-02-21,RH20TD,6.4,L,6.4,2
GB706,M,2022-02-20,SE37NX,10.6,S,10.6,2
GB1333,M,2022-02-19,CT67JZ,5.6,M,5.6,2
GB434,M,2022-02-25,WV50HG,5.0,M,5.0,2
GB904,M,2022-02-20,SM13HL,8.7,S,8.7,1
GB480,L,2022-02-21,SA182EZ,8.6,L,8.6,2
GB328,M,2022-02-24,CM14JR,5.5,S,5.5,1
GB1655,M,2022-02-21,GU98NT,7.6,M,7.6,2
GB1757,M,2022-02-19,OL27YH,2.7,S,2.7,1
GB1389,M,2022-02-25,B610TA,6.0,S,6.0,1
GB1281,L,2022-02-21,WS111TB,6.6,M,6.6,2
GB225,M,2022-02-23,CA26SP,7.6,M,7.6,2
GB863,M,2022-02-25,CB214JP,5.2,S,5.2,1
GB862,M,2022-02-23,BS159UF,7.7,M,7.7,2
GB1533,L,2022-02-24,OX141DN,5.7,L,5.7,2
GB1292,L,2022-02-20,EH74RF,7.0,L,7.0,2
GB1194,M,2022-02-23,AL37HR,6.1,M,6.1,2
GB1659,M,2022-02-21,HU55BY,7.0,S,7.0,1
GB405,M,2022-02-21,DL79NG,6.8,M,6.8,2
GB465,M,2022-02-21,SS71LW,7.8,M,7.8,2
GB1164,M,2022-02-22,NE82HP,6.1,M,6.1,2
GB716,M,2022-02-22,KT81QU,9.2,S,9.2,1
GB1041,M,2022-02-20,ME89NT,9.9,L,9.9,2
GB206,M,2022-02-24,PE252LW,4.7,S,4.7,1
GB1967,M,2022-02-19,RG48BZ,5.1,S,5.1,1
GB1496,M,2022-02-19,DN32AA,,M,4.6,2
GB1879,L,2022-02-21,WF82UL,7.2,L,7.2,2
GB616,M,2022-02-23,LA130HE,7.7,M,7.7,2
GB288,L,2022-02-25,WR53LN,6.1,L,6.1,2
GB1907,L,2022-02-19,NG348TX,2.8,M,2.8,1
GB1231,M,2022-02-21,DE150TH,6.2,M,6.2,2
GB988,M,2022-02-19,WS152BU,3.2,S,3.2,1
GB1969,L,2022-02-25,GL155FQ,6.7,M,6.7,2
GB187,M,2022-02-25,CV358JN,6.0,S,6.0,1
GB1630,M,2022-02-21,NP40RR,,M,7.2,2
GB586,M,2022-02-21,RH27LU,7.4,M,7.4,2
GB1701,L,2022-02-20,CF329DA,9.4,L,9.4,2
GB176,M,2022-02-22,KT26DR,9.2,M,9.2,2
GB1032,M,2022-02-25,N154NW,5.2,M,5.2,2
GB1564,M,2022-02-24,E32UR,5.5,M,5.5,2
GB588,M,2022-02-20,CR69HQ,8.7,M,8.7,2
GB953,L,2022-02-22,SK42AP,7.5,M,7.5,2
GB146,L,2022-02-22,NE311YW,6.1,M,6.1,2
GB314,M,2022-02-22,DH31GD,6.1,L,6.1,2
GB1790,M,2022-02-19,MK437ED,4.1,S,4.1,1
GB1390,M,2022-02-20,PR23QN,8.0,S,8.0,1
GB92,M,2022-02-19,HP24AN,4.2,S,4.2,1
GB245,M,2022-02-21,NR70QX,7.1,S,7.1,1
GB1401,L,2022-02-22,SW156NZ,7.7,L,7.7,2
GB185,M,2022-02-19,SO314HW,7.0,S,7.0,1
GB1982,M,2022-02-20,YO243EZ,7.9,M,7.9,2
GB667,M,2022-02-22,LS254EG,7.7,M,7.7,2
GB902,M,2022-02-24,SG51NQ,5.1,M,5.1,2
GB1406,M,2022-02-21,GL71HL,7.1,M,7.1,2
GB317,M,2022-02-20,DN122DU,,S,8.9,1
GB1499,L,2022-02-20,RM30YJ,10.6,M,10.6,3
GB522,M,2022-02-20,LE28PF,8.0,M,8.0,2
GB1131,M,2022-02-20,N102LS,9.0,M,9.0,2
GB1393,M,2022-02-21,SG142BS,6.1,M,6.1,2
GB1302,M,2022-02-21,SY59BT,7.3,M,7.3,2
GB514,M,2022-02-22,EH105SG,6.8,L,6.8,2
GB748,L,2022-02-22,SO199PZ,9.6,M,9.6,2
GB252,L,2022-02-21,E27JE,6.5,M,6.5,2
GB1254,M,2022-02-23,GL29FB,7.6,S,7.6,1
GB1975,L,2022-02-19,BH154PT,6.8,M,6.8,2
GB1540,L,2022-02-23,NG179JS,7.1,M,7.1,2
GB1010,M,2022-02-19,B675BD,4.4,S,4.4,1
GB1018,L,2022-02-19,DN124LR,,M,4.6,2
GB1187,M,2022-02-20,PE292ND,9.0,M,9.0,2
GB1483,M,2022-02-24,NE380HX,3.0,M,3.0,1
GB637,L,2022-02-22,S254BQ,,L,8.1,2
GB870,M,2022-02-21,PO305LT,8.6,S,8.6,1
GB413,M,2022-02-21,EN76HD,6.5,S,6.5,1
GB1912,L,2022-02-20,SA66LH,9.4,L,9.4,2
GB1203,L,2022-02-20,WD37EG,9.8,L,9.8,2
GB725,L,2022-02-23,NN56AJ,6.2,L,6.2,2
GB1929,L,2022-02-19,GL518LQ,4.9,L,4.9,2
GB29,L,2022-02-21,NE348PD,7.4,M,7.4,2
GB985,M,2022-02-23,BT236TX,geocode missing,M,6.8,2
GB242,L,2022-02-22,SW66HD,7.7,L,7.7,2
GB211,M,2022-02-22,B927EU,8.6,S,8.6,1
GB1555,M,2022-02-22,BD236QD,6.6,S,6.6,1
GB1671,M,2022-02-19,CA12AB,3.9,M,3.9,1
GB1635,M,2022-02-20,S636GB,8.4,M,8.4,2
GB1427,M,2022-02-21,SW65TW,6.5,M,6.5,2
GB861,M,2022-02-21,RM41UA,8.3,S,8.3,1
GB1034,M,2022-02-20,GU13HX,9.8,M,9.8,2
GB605,M,2022-02-22,CW82SS,7.5,L,7.5,2
GB564,M,2022-02-20,BA227LN,10.6,M,10.6,3
GB504,M,2022-02-19,DE232TG,3.5,M,3.5,1
GB931,L,2022-02-21,NP234TF,,M,7.2,2
GB889,M,2022-02-21,EX164NP,8.6,L,8.6,2
GB973,M,2022-02-22,CH662YG,8.9,M,8.9,2
GB1917,M,2022-02-21,SS25JZ,7.8,M,7.8,2
GB1837,M,2022-02-20,SW49JS,9.0,S,9.0,1
GB418,M,2022-02-23,CT47DJ,6.5,M,6.5,2
GB808,M,2022-02-25,DT47TW,,S,5.7,1
GB1647,M,2022-02-23,BN125LB,6.2,M,6.2,2
GB614,M,2022-02-22,CM16YW,7.5,M,7.5,2
GB452,M,2022-02-22,AB107FJ,5.4,L,5.4,2
GB89,M,2022-02-22,RH204AZ,8.5,L,8.5,2
GB1934,L,2022-02-21,PE296JP,6.8,M,6.8,2
GB1440,M,2022-02-20,HA37QA,9.8,S,9.8,1
GB259,M,2022-02-24,PE100EE,4.9,M,4.9,2
GB1220,M,2022-02-20,BH137AA,10.4,M,10.4,3
GB298,M,2022-02-22,TR115GS,9.8,M,9.8,2
GB1070,M,2022-02-23,SA66EG,9.0,M,9.0,2
GB625,M,2022-02-24,TW148FN,6.3,M,6.3,2
GB1886,M,2022-02-19,FY78HR,4.3,M,4.3,2
GB1838,M,2022-02-19,EH91EA,3.6,S,3.6,1
GB1909,M,2022-02-20,DG112HG,7.6,M,7.6,2
GB771,M,2022-02-25,IP144DL,5.0,M,5.0,2
GB607,M,2022-02-21,OX143QF,7.5,S,7.5,1
GB583,L,2022-02-19,G444RT,3.8,S,3.8,1
GB249,M,2022-02-22,SW84UU,7.7,S,7.7,1
GB1823,L,2022-02-21,BN25JU,7.5,L,7.5,2
GB1091,L,2022-02-22,TN104PJ,7.6,M,7.6,2
GB758,M,2022-02-21,IP15DE,6.5,M,6.5,2
GB1900,M,2022-02-21,MK441RR,6.8,M,6.8,2
GB797,M,2022-02-21,SE11YF,6.5,M,6.5,2
GB269,M,2022-02-20,L98AJ,9.4,M,9.4,2
GB1253,L,2022-02-23,IM24AA,geocode missing,L,6.8,2
GB1578,L,2022-02-19,M460AB,2.7,M,2.7,1
GB1020,M,2022-02-22,FY54JG,7.9,M,7.9,2
GB1683,M,2022-02-21,CF244JX,7.9,M,7.9,2
GB344,M,2022-02-25,LE99NR,5.8,S,5.8,1
GB125,M,2022-02-20,EX46LS,10.9,S,10.9,2
GB1976,M,2022-02-22,IP256SJ,6.8,M,6.8,2
GB1092,M,2022-02-21,WN50DN,7.5,S,7.5,1
GB838,M,2022-02-22,PL242JB,10.8,S,10.8,2
GB1306,M,2022-02-19,SP20FR,5.6,S,5.6,1
GB958,M,2022-02-20,N129TX,9.0,M,9.0,2
GB5,M,2022-02-19,GU14HW,5.9,M,5.9,2
GB1127,M,2022-02-21,LE74WB,6.9,M,6.9,2
GB384,M,2022-02-23,BT423LG,geocode missing,M,6.8,2
GB1581,M,2022-02-21,PR33EG,7.5,M,7.5,2
GB784,M,2022-02-20,BA21EH,9.6,M,9.6,2
GB827,L,2022-02-19,NG209AH,2.6,L,2.6,1
GB859,L,2022-02-23,LE41AN,7.0,L,7.0,2
GB14,M,2022-02-21,BA228SF,7.6,L,7.6,2
GB841,M,2022-02-23,SN252TH,5.9,M,5.9,2
GB1397,M,2022-02-22,IM94LS,geocode missing,M,8.1,2
GB1545,M,2022-02-19,N194QN,4.5,S,4.5,1
GB1168,M,2022-02-19,E114AA,4.5,S,4.5,1
GB386,M,2022-02-21,PL22AF,8.2,M,8.2,2
GB730,M,2022-02-22,B634RT,8.6,M,8.6,2
GB172,M,2022-02-21,SO165LL,8.3,L,8.3,2
GB164,L,2022-02-20,LS131AL,8.4,M,8.4,2
GB630,M,2022-02-19,RH123RD,6.2,M,6.2,2
GB587,L,2022-02-20,CT170SA,9.3,M,9.3,2
GB905,L,2022-02-21,B312GU,7.2,L,7.2,2
GB768,M,2022-02-24,DN118BA,,S,5.1,1
GB1326,M,2022-02-25,NE331SH,6.5,S,6.5,1
GB1282,M,2022-02-21,GU111FJ,7.6,M,7.6,2
GB179,M,2022-02-19,CF365SN,7.8,S,7.8,1
GB1918,M,2022-02-23,DD83RH,5.9,M,5.9,2
GB1195,M,2022-02-20,LE127JW,8.0,S,8.0,1
GB448,M,2022-02-20,DY117EG,8.2,M,8.2,2
GB18,L,2022-02-21,CH457NL,8.4,L,8.4,2
GB1776,M,2022-02-21,E50JR,6.5,M,6.5,2
GB1868,M,2022-02-25,NE298EN,6.5,M,6.5,2
GB1692,M,2022-02-21,CO59PL,6.8,M,6.8,2
GB1015,M,2022-02-21,SG85GR,7.0,M,7.0,2
GB822,M,2022-02-19,BH316JD,6.8,S,6.8,1
GB1549,M,2022-02-20,LS255GG,8.4,M,8.4,2
GB581,M,2022-02-21,CH52FW,8.4,S,8.4,1
GB594,L,2022-02-22,L212QH,7.9,L,7.9,2
GB233,M,2022-02-21,CF51DX,7.9,M,7.9,2
GB1391,M,2022-02-20,RG28ED,9.3,M,9.3,2
GB1188,M,2022-02-24,SK223EX,3.9,L,3.9,1
GB1526,M,2022-02-22,NR103SU,7.7,S,7.7,1
GB348,M,2022-02-21,E112SW,8.3,S,8.3,1
GB271,M,2022-02-19,AB116XR,1.8,S,1.8,1
GB1905,M,2022-02-23,L120BP,8.6,M,8.6,2
GB1807,M,2022-02-23,S38DF,,S,6.8,1
GB654,L,2022-02-21,EX313DT,8.8,M,8.8,2
GB1198,M,2022-02-22,WD37PN,8.9,S,8.9,1
GB1741,M,2022-02-19,LL401PW,,S,4.6,1
GB1384,M,2022-02-21,W60EF,6.5,S,6.5,1
GB158,M,2022-02-19,W39RG,5.8,M,5.8,2
GB1201,M,2022-02-21,LE168EU,6.9,M,6.9,2
GB515,M,2022-02-19,HP217AQ,3.9,M,3.9,1
GB1619,M,2022-02-19,NE129SP,3.0,S,3.0,1
GB1955,M,2022-02-19,SW90JP,4.5,M,4.5,2
GB1532,M,2022-02-21,B240JD,7.2,M,7.2,2
GB1311,M,2022-02-24,B601JX,5.0,M,5.0,2
GB1688,L,2022-02-22,BL83HG,7.5,L,7.5,2
GB950,L,2022-02-23,RG45DG,6.5,M,6.5,2
GB878,L,2022-02-20,SL63QE,9.3,L,9.3,2
GB1947,M,2022-02-24,LE26AW,4.0,S,4.0,1
GB1507,M,2022-02-22,WR103NB,9.0,M,9.0,2
GB501,L,2022-02-23,CH54UZ,8.6,L,8.6,2
GB1891,M,2022-02-22,LE676AH,7.3,S,7.3,1
GB1800,L,2022-02-22,JE23GY,geocode missing,M,8.1,2
GB887,L,2022-02-21,FY60HE,7.5,M,7.5,2
GB569,M,2022-02-23,PE47DP,6.7,S,6.7,1
GB322,M,2022-02-24,ME122HS,6.4,M,6.4,2
GB770,M,2022-02-21,G208NX,7.3,S,7.3,1
GB1077,M,2022-02-20,GL22BU,9.3,M,9.3,2
GB195,M,2022-02-22,B790JW,8.6,M,8.6,2
GB349,M,2022-02-20,WN57GB,8.3,S,8.3,1
GB1218,L,2022-02-19,SK121LR,2.7,M,2.7,1
GB676,M,2022-02-22,L181HW,8.9,M,8.9,2
GB521,L,2022-02-22,E162GS,9.5,L,9.5,2
GB1819,L,2022-02-19,W30LG,5.8,M,5.8,2
GB1206,M,2022-02-21,RG218AX,7.4,M,7.4,2
GB208,L,2022-02-21,M297SY,7.0,L,7.0,2
GB19,L,2022-02-20,LE113RJ,8.0,S,8.0,1
GB1780,L,2022-02-21,SE13GG,6.5,L,6.5,2
GB30,M,2022-02-20,KY155PS,6.4,M,6.4,2
GB1906,M,2022-02-21,SE12BQ,6.5,S,6.5,1
GB1846,M,2022-02-20,BS348QN,9.5,S,9.5,1
GB715,M,2022-02-24,PA160HN,2.1,M,2.1,1
GB633,M,2022-02-20,TQ97RA,9.9,S,9.9,1
GB1154,M,2022-02-21,CM40JU,6.8,M,6.8,2
GB1575,M,2022-02-23,NP194AH,7.7,L,7.7,2
GB376,M,2022-02-23,TW118BL,7.0,M,7.0,2
GB1029,M,2022-02-22,SW120JJ,7.7,M,7.7,2
GB1387,M,2022-02-24,BN72JF,6.6,M,6.6,2
GB833,L,2022-02-19,SG189FT,4.1,L,4.1,2
GB922,M,2022-02-21,RM176UZ,8.3,M,8.3,2
GB1715,M,2022-02-20,DL167YF,7.5,M,7.5,2
GB362,M,2022-02-21,MK178EJ,6.4,L,6.4,2
GB1042,M,2022-02-21,RH41PT,7.4,M,7.4,2
GB1284,L,2022-02-20,PH107AH,6.3,L,6.3,2
GB830,M,2022-02-20,ML38TL,7.4,M,7.4,2
GB1414,M,2022-02-21,NN46JN,6.4,M,6.4,2
GB226,L,2022-02-24,PO80ER,6.3,L,6.3,2
GB70,M,2022-02-25,KY13AP,5.3,S,5.3,1
GB1943,M,2022-02-19,LL299BS,4.7,M,4.7,2
GB1847,M,2022-02-20,G326NR,7.4,M,7.4,2
GB198,M,2022-02-19,E130AH,6.6,M,6.6,2
GB475,M,2022-02-20,NN126DZ,8.7,S,8.7,1
GB132,L,2022-02-22,JE34EJ,geocode missing,L,8.1,2
GB1721,M,2022-02-21,BA26BW,8.1,S,8.1,1
GB1771,M,2022-02-20,CV49AZ,9.5,M,9.5,2
GB593,M,2022-02-23,CT54QN,6.5,S,6.5,1
GB255,M,2022-02-25,HG13AH,6.3,M,6.3,2
GB190,M,2022-02-21,SE15RL,6.5,L,6.5,2
GB1508,M,2022-02-21,SG120XP,6.8,M,6.8,2
GB1409,M,2022-02-19,LL128LB,4.2,M,4.2,2
GB425,M,2022-02-20,NG243WX,8.3,M,8.3,2
GB1268,L,2022-02-21,N193RD,6.5,L,6.5,2
GB688,L,2022-02-21,SL63XR,7.3,M,7.3,2
GB1615,L,2022-02-21,CH458QH,8.4,M,8.4,2
GB101,M,2022-02-20,KT58JB,10.2,S,10.2,2
GB731,M,2022-02-23,LS279PB,7.8,M,7.8,2
GB1754,M,2022-02-22,LN34GL,7.1,L,7.1,2
GB1325,M,2022-02-22,SE114JJ,7.7,S,7.7,1
GB1373,M,2022-02-25,TF29FY,5.0,S,5.0,1
GB209,M,2022-02-21,BS35JD,8.1,M,8.1,2
GB363,M,2022-02-19,DN93EF,2.2,M,2.2,1
GB1736,L,2022-02-22,W149ED,7.7,L,7.7,2
GB945,M,2022-02-25,CM98PR,5.3,M,5.3,2
GB1140,M,2022-02-22,PE29SN,7.4,M,7.4,2
GB1637,M,2022-02-21,SE279QW,6.5,M,6.5,2
GB1012,L,2022-02-21,SY245NU,8.1,L,8.1,2
GB487,L,2022-02-23,RG248WE,6.4,M,6.4,2
GB263,M,2022-02-21,W148BE,6.5,M,6.5,2
GB642,M,2022-02-19,WF179BS,3.2,M,3.2,1
GB1171,M,2022-02-20,DH34LW,6.7,S,6.7,1
GB254,M,2022-02-21,ME206QH,8.3,M,8.3,2
GB266,L,2022-02-23,WD250AD,6.9,L,6.9,2
GB1360,M,2022-02-21,SK144TT,7.0,M,7.0,2
GB1962,M,2022-02-22,SS72ED,9.1,M,9.1,2
GB339,M,2022-02-19,ST32BZ,,S,4.6,1
GB496,M,2022-02-21,WA57WB,7.0,M,7.0,2
GB408,M,2022-02-23,WD245LH,6.9,S,6.9,1
GB1889,M,2022-02-19,LL198YE,4.7,M,4.7,2
GB936,L,2022-02-21,TQ137AP,8.2,L,8.2,2
GB1460,M,2022-02-19,CH51LD,4.2,S,4.2,1
GB390,L,2022-02-25,B783QL,6.0,M,6.0,2
GB414,M,2022-02-24,BS312BS,6.3,M,6.3,2
GB417,M,2022-02-20,SA626NG,9.3,S,9.3,1
GB174,M,2022-02-21,SO507QG,8.3,S,8.3,1
GB181,M,2022-02-20,ST71FA,8.3,S,8.3,1
GB1855,M,2022-02-22,DD84LB,6.6,M,6.6,2
GB286,M,2022-02-19,SW99JN,4.5,M,4.5,2
GB1567,L,2022-02-21,CV114LG,7.2,M,7.2,2
GB397,M,2022-02-23,CW57GD,8.2,S,8.2,1
GB736,M,2022-02-24,L360TU,5.0,M,5.0,2
GB1327,M,2022-02-21,AL71QT,6.1,S,6.1,1
GB469,M,2022-02-22,WV45NB,8.1,S,8.1,1
GB1743,M,2022-02-20,L323XY,9.4,S,9.4,1
GB81,M,2022-02-25,OL12RR,6.2,M,6.2,2
GB219,M,2022-02-20,WV111ND,8.2,M,8.2,2
GB12,L,2022-02-20,EX327EP,10.3,S,10.3,2
GB1342,L,2022-02-22,NN114JJ,,M,8.1,2
GB1178,M,2022-02-19,CB74YH,3.9,S,3.9,1
GB696,M,2022-02-25,M94ZA,6.2,S,6.2,1
GB1099,M,2022-02-22,W129HU,7.7,M,7.7,2
GB752,M,2022-02-23,SO314HH,6.4,M,6.4,2
GB371,M,2022-02-21,SW178NN,6.5,S,6.5,1
GB1124,M,2022-02-23,PR251FG,8.0,L,8.0,2
GB367,M,2022-02-21,SW112BL,6.5,M,6.5,2
GB1675,M,2022-02-23,CT54AB,6.5,S,6.5,1
GB168,L,2022-02-24,CM227BA,5.5,L,5.5,2
GB681,M,2022-02-20,S182FA,,M,8.9,2
GB1916,M,2022-02-22,SN169UF,8.2,M,8.2,2
GB640,M,2022-02-21,SS71FF,7.8,M,7.8,2
GB1064,L,2022-02-21,BD183DH,6.1,L,6.1,2
GB668,M,2022-02-20,WF41BY,8.4,M,8.4,2
GB167,M,2022-02-23,G329BT,6.0,M,6.0,2
GB981,L,2022-02-21,E175PX,6.5,M,6.5,2
GB329,M,2022-02-21,DD53PE,5.7,M,5.7,2
GB330,M,2022-02-19,IP286ER,3.9,S,3.9,1
GB1890,M,2022-02-25,DN25TP,,S,5.7,1
GB1133,M,2022-02-19,LS249PD,3.2,S,3.2,1
GB1524,M,2022-02-19,DH11JS,3.0,S,3.0,1
GB1805,L,2022-02-25,SN105LB,5.4,M,5.4,2
GB897,M,2022-02-20,RH158GJ,9.7,L,9.7,2
GB1979,M,2022-02-21,TN219DF,7.6,M,7.6,2
GB970,M,2022-02-19,NP109PU,7.7,S,7.7,1
GB1298,L,2022-02-19,NG182SF,2.6,S,2.6,1
GB1280,L,2022-02-23,SS67SE,6.7,L,6.7,2
GB1758,M,2022-02-21,ME80PX,7.8,M,7.8,2
GB1216,M,2022-02-22,BS329TB,9.3,M,9.3,2
GB773,M,2022-02-22,SE182NG,9.5,M,9.5,2
GB965,M,2022-02-22,PE15AX,7.4,L,7.4,2
GB598,M,2022-02-21,B617LJ,7.2,M,7.2,2
GB1219,M,2022-02-21,SE120UT,8.3,M,8.3,2
GB192,M,2022-02-21,BA35EQ,6.7,M,6.7,2
GB766,M,2022-02-23,E1W3TJ,6.3,M,6.3,2
GB455,M,2022-02-20,IP288HZ,8.4,M,8.4,2
GB1512,L,2022-02-21,CO63EF,6.5,M,6.5,2
GB184,M,2022-02-24,LE96WA,,L,5.1,2
GB1313,M,2022-02-21,TW153BJ,7.9,M,7.9,2
GB4,M,2022-02-22,MK441DU,7.8,M,7.8,2
GB1286,M,2022-02-21,E162SZ,8.3,M,8.3,2
GB1,L,2022-02-21,CV107AT,7.2,M,7.2,2
GB679,M,2022-02-21,BA34WS,6.7,M,6.7,2
GB1739,M,2022-02-21,CH458LH,8.4,S,8.4,1
GB1769,M,2022-02-24,DA75NH,7.1,S,7.1,1
GB849,M,2022-02-20,DN110ZF,,M,8.9,2
GB592,M,2022-02-20,BA128NH,9.1,S,9.1,1
GB883,L,2022-02-21,M54SU,7.0,L,7.0,2
GB1563,M,2022-02-23,GU147QU,6.4,M,6.4,2
GB1236,M,2022-02-21,SO515AW,8.3,M,8.3,2
GB698,L,2022-02-19,PL65LG,8.2,M,8.2,2
GB1138,M,2022-02-23,BN424WE,6.2,S,6.2,1
GB464,M,2022-02-21,LS270RR,7.2,M,7.2,2
GB438,M,2022-02-22,YO130HS,7.1,S,7.1,1
GB338,M,2022-02-25,AB510UY,5.0,S,5.0,1
GB1983,M,2022-02-21,WN88PY,7.5,M,7.5,2
GB789,L,2022-02-20,GL530AR,9.3,M,9.3,2
GB1770,M,2022-02-21,B618DD,7.2,S,7.2,1
GB951,M,2022-02-20,DA15TT,10.6,M,10.6,3
GB1243,M,2022-02-24,WA14QR,3.9,S,3.9,1
GB1060,M,2022-02-21,EX165JP,8.6,M,8.6,2
GB651,M,2022-02-22,YO304XN,7.5,M,7.5,2
GB1317,M,2022-02-22,CW74EL,7.5,S,7.5,1
GB377,L,2022-02-23,LU33UP,6.1,M,6.1,2
GB1525,M,2022-02-23,RG14DX,6.5,M,6.5,2
GB1006,M,2022-02-20,NR351LE,8.7,L,8.7,2
GB85,L,2022-02-21,WN72BF,7.0,M,7.0,2
GB495,M,2022-02-21,DG89HZ,7.8,M,7.8,2
GB937,L,2022-02-21,HP84EX,7.6,L,7.6,2
GB1828,M,2022-02-21,PO326EW,8.3,S,8.3,1
GB169,M,2022-02-19,EX48AS,7.7,S,7.7,1
GB938,M,2022-02-20,N112QE,9.0,M,9.0,2
GB1207,M,2022-02-20,PR44ZH,8.0,M,8.0,2
GB816,L,2022-02-20,SR68JJ,8.6,S,8.6,1
GB785,M,2022-02-22,CM20EJ,7.5,M,7.5,2
GB1039,L,2022-02-21,CV345LW,7.2,M,7.2,2
GB992,M,2022-02-20,HP202JH,9.5,S,9.5,1
GB1652,M,2022-02-24,CT46YG,6.0,M,6.0,2
GB388,M,2022-02-21,LA62QL,,M,7.2,2
GB550,M,2022-02-23,ST195SE,6.9,M,6.9,2
GB692,M,2022-02-22,AL37PB,7.6,M,7.6,2
GB1052,M,2022-02-24,LL319HD,5.1,M,5.1,2
GB1622,M,2022-02-25,HD33AG,6.0,S,6.0,1
GB358,L,2022-02-24,CM195HS,5.5,M,5.5,2
GB1738,L,2022-02-21,DE65PJ,6.2,L,6.2,2
GB150,M,2022-02-21,SW128AE,6.5,M,6.5,2
GB1445,M,2022-02-23,BS140PL,7.7,M,7.7,2
GB998,L,2022-02-20,CM82LH,8.7,L,8.7,2
GB54,M,2022-02-25,NR135FL,5.3,M,5.3,2
GB1359,L,2022-02-22,ME156RT,7.6,M,7.6,2
GB1147,M,2022-02-20,OX42UG,9.2,S,9.2,1
GB1991,M,2022-02-20,RH159SE,9.7,S,9.7,1
GB1283,L,2022-02-22,CM132HS,9.5,L,9.5,2
GB702,M,2022-02-21,SE13GP,6.5,M,6.5,2
GB1795,M,2022-02-21,BN69XD,7.5,M,7.5,2
GB1464,L,2022-02-20,CO101QW,8.1,M,8.1,2
GB178,M,2022-02-25,LE167TU,5.9,S,5.9,1
GB20,L,2022-02-21,CM34SS,7.8,M,7.8,2
GB762,M,2022-02-24,BD231NQ,2.8,M,2.8,1
GB884,M,2022-02-21,CW57HU,7.3,M,7.3,2
GB28,M,2022-02-21,HD96ET,7.2,M,7.2,2
GB341,M,2022-02-23,DN68LZ,7.8,S,7.8,1
GB1873,M,2022-02-20,TR164NQ,10.4,M,10.4,3
GB959,M,2022-02-20,BN28PH,9.7,M,9.7,2
GB1938,M,2022-02-23,SL85DL,6.9,L,6.9,2
GB1620,M,2022-02-24,EH128QY,2.1,M,2.1,1
GB353,M,2022-02-24,BD232EE,2.8,M,2.8,1
GB335,M,2022-02-23,G117RD,6.0,S,6.0,1
GB946,M,2022-02-22,CM98EE,9.1,S,9.1,1
GB1848,M,2022-02-24,GU113PU,6.0,M,6.0,2
GB94,L,2022-02-21,EH549NJ,geocode missing,L,7.2,2
GB395,M,2022-02-21,BS28PS,8.1,S,8.1,1
GB396,M,2022-02-21,TW13ER,7.9,S,7.9,1
GB1388,M,2022-02-22,L87PP,8.9,S,8.9,1
GB636,M,2022-02-21,BN114GA,7.5,M,7.5,2
GB1572,M,2022-02-23,OX154EU,6.4,M,6.4,2
GB1469,L,2022-02-21,BA116SW,6.8,L,6.8,2
GB1269,M,2022-02-21,WN80DE,7.5,S,7.5,1
GB524,M,2022-02-21,M85YB,7.0,S,7.0,1
GB213,M,2022-02-23,W111AD,6.3,M,6.3,2
GB1708,L,2022-02-21,DT95QF,7.6,L,7.6,2
GB701,L,2022-02-21,SW115QR,6.5,M,6.5,2
GB539,M,2022-02-25,YO305RA,6.1,S,6.1,1
GB1816,M,2022-02-23,LE128AH,7.0,M,7.0,2
GB525,M,2022-02-19,MK109NL,3.9,S,3.9,1
GB831,M,2022-02-24,G149LU,2.1,S,2.1,1
GB1881,M,2022-02-22,CV364NR,7.1,L,7.1,2
GB1121,M,2022-02-21,NN141JT,6.8,M,6.8,2
GB1260,M,2022-02-19,TS175BH,2.7,M,2.7,1
GB416,M,2022-02-19,DN59SX,,S,4.6,1
GB1781,M,2022-02-21,W149BG,6.5,M,6.5,2
GB929,M,2022-02-25,NW24JT,5.2,S,5.2,1
GB1475,L,2022-02-22,NP205QS,9.3,L,9.3,2
GB1145,M,2022-02-24,CM202LN,5.5,M,5.5,2
GB127,M,2022-02-19,BA147EN,5.3,S,5.3,1
GB171,M,2022-02-25,GL537HG,6.1,M,6.1,2
GB1057,M,2022-02-24,G642NF,2.1,M,2.1,1
GB1449,M,2022-02-19,TS197DJ,2.7,S,2.7,1
GB1275,L,2022-02-21,CR81DX,6.4,M,6.4,2
GB1107,L,2022-02-21,LA130HL,7.4,L,7.4,2
GB51,M,2022-02-20,NP120EL,9.4,M,9.4,2
GB11,M,2022-02-22,RG412XY,8.4,M,8.4,2
GB733,M,2022-02-21,KT205EG,6.4,M,6.4,2
GB440,L,2022-02-21,WA103UY,8.4,L,8.4,2
GB974,M,2022-02-25,KT227XB,5.0,M,5.0,2
GB850,M,2022-02-25,B744EF,6.0,S,6.0,1
GB717,L,2022-02-22,WR25FA,9.0,L,9.0,2
GB1123,M,2022-02-22,YO265AT,7.5,M,7.5,2
GB685,M,2022-02-24,KT228PG,5.1,M,5.1,2
GB1750,M,2022-02-23,SY39JW,8.2,M,8.2,2
GB1552,L,2022-02-20,SN22ST,9.2,M,9.2,2
GB877,M,2022-02-21,RH12FQ,6.4,M,6.4,2
GB1050,M,2022-02-22,PE284GT,7.8,S,7.8,1
GB997,L,2022-02-22,CB62AF,7.9,M,7.9,2
GB1590,M,2022-02-19,BH93PJ,6.8,S,6.8,1
GB315,M,2022-02-19,CF104ET,7.7,M,7.7,2
GB354,M,2022-02-25,GL34UG,6.1,L,6.1,2
GB1348,M,2022-02-19,CB244RT,4.2,S,4.2,1
GB1177,M,2022-02-23,DE61AT,7.1,S,7.1,1
GB1678,M,2022-02-24,S101BD,,M,5.1,2
GB1118,M,2022-02-20,TD13NG,6.3,M,6.3,2
GB1883,M,2022-02-20,CO101QH,8.1,M,8.1,2
GB1579,M,2022-02-24,NG165FF,4.3,L,4.3,2
GB920,L,2022-02-22,CM226SD,7.5,M,7.5,2
GB1502,M,2022-02-19,BN115JX,6.6,S,6.6,1
GB309,L,2022-02-23,IM33BD,geocode missing,M,6.8,2
GB653,M,2022-02-19,RG224EJ,5.7,S,5.7,1
GB749,L,2022-02-20,CB12FS,9.3,M,9.3,2
GB923,M,2022-02-21,BH123AF,7.6,S,7.6,1
GB1629,L,2022-02-21,CB29FU,7.0,L,7.0,2
GB1367,M,2022-02-19,B360LW,4.4,S,4.4,1
GB532,L,2022-02-19,BB48FF,,M,4.6,2
GB1011,L,2022-02-20,HU80ET,7.6,M,7.6,2
GB1422,L,2022-02-22,B645DB,8.1,L,8.1,2
GB1952,L,2022-02-21,NW103ED,6.5,L,6.5,2
GB1053,L,2022-02-20,KA228DR,7.5,M,7.5,2
GB1565,M,2022-02-19,L196QA,4.2,M,4.2,2
GB957,M,2022-02-19,MK417DP,4.1,M,4.1,2
GB207,M,2022-02-23,NN40TD,6.2,M,6.2,2
GB1994,M,2022-02-24,BT557AH,geocode missing,S,5.1,1
GB1055,M,2022-02-22,SN148JW,9.3,M,9.3,2
GB1442,M,2022-02-22,OX39NB,7.9,M,7.9,2
GB1094,L,2022-02-21,NN56YG,6.4,M,6.4,2
GB489,M,2022-02-20,EH548QB,7.0,M,7.0,2
GB1638,M,2022-02-22,SA54NG,9.6,M,9.6,2
GB930,L,2022-02-21,W54TB,7.6,L,7.6,2
GB492,L,2022-02-19,GU337PQ,5.7,M,5.7,2
GB687,M,2022-02-21,LN42DP,7.2,M,7.2,2
GB964,L,2022-02-23,S59QB,,L,6.8,2
GB1634,M,2022-02-20,SW194LW,9.0,M,9.0,2
GB1928,M,2022-02-20,ME37NF,9.9,M,9.9,2
GB1166,M,2022-02-25,S25LW,,M,5.7,2
GB1495,M,2022-02-24,LE97AW,4.0,M,4.0,1
GB846,M,2022-02-22,CO70NW,6.9,L,6.9,2
GB337,M,2022-02-22,EX28FP,9.8,M,9.8,2
GB331,M,2022-02-22,PE244DX,7.0,M,7.0,2
GB680,M,2022-02-21,CR42BA,6.5,S,6.5,1
GB635,M,2022-02-21,SE229EA,6.5,L,6.5,2
GB1636,M,2022-02-19,CM120GE,6.0,M,6.0,2
GB792,M,2022-02-19,CR36PQ,4.9,M,4.9,2
GB1435,M,2022-02-22,SS89SA,9.1,M,9.1,2
GB1033,M,2022-02-20,OX161EQ,9.2,M,9.2,2
GB718,M,2022-02-20,TS255ED,7.5,M,7.5,2
GB1167,M,2022-02-19,PO107RR,7.0,S,7.0,1
GB1789,L,2022-02-25,WA110YS,6.2,M,6.2,2
GB1312,L,2022-02-23,DH61RN,6.4,L,6.4,2
GB1048,M,2022-02-20,KA55RH,7.5,M,7.5,2
GB1258,M,2022-02-20,B761TE,9.5,S,9.5,1
GB1592,M,2022-02-23,CH454RA,8.6,M,8.6,2
GB665,L,2022-02-21,LU63JZ,6.1,L,6.1,2
GB1452,M,2022-02-21,FK54QJ,6.8,S,6.8,1
GB230,M,2022-02-19,SW1W0QH,4.5,S,4.5,1
GB121,M,2022-02-21,CW100SE,7.0,M,7.0,2
GB1432,M,2022-02-20,TD152EJ,6.3,M,6.3,2
GB1331,M,2022-02-20,SE164UJ,9.0,S,9.0,1
GB509,L,2022-02-25,LS29LN,6.0,S,6.0,1
GB1793,M,2022-02-22,TW93BY,8.9,M,8.9,2
GB1296,L,2022-02-23,KT48UE,5.9,M,5.9,2
GB1129,L,2022-02-23,SN47QW,6.3,L,6.3,2
GB866,M,2022-02-24,OX20ES,5.2,M,5.2,2
GB960,L,2022-02-22,YO265SD,7.5,L,7.5,2
GB1257,M,2022-02-24,NR323QR,5.5,S,5.5,1
GB117,M,2022-02-25,HA54RF,5.5,M,5.5,2
GB214,M,2022-02-19,GU350RF,5.7,M,5.7,2
GB1542,L,2022-02-21,RG456TP,7.3,M,7.3,2
GB291,M,2022-02-21,WA143HU,7.0,M,7.0,2
GB1798,L,2022-02-19,CM133RH,6.6,M,6.6,2
GB383,M,2022-02-20,OX120FQ,9.6,M,9.6,2
GB471,M,2022-02-19,GL517BQ,4.9,S,4.9,1
GB58,M,2022-02-19,SG127HJ,4.6,S,4.6,1
GB1693,M,2022-02-24,RM191ZX,7.1,M,7.1,2
GB876,L,2022-02-21,UB40AD,7.6,L,7.6,2
GB1843,M,2022-02-23,WS33LT,6.9,S,6.9,1
GB450,M,2022-02-24,BH89HZ,6.4,M,6.4,2
GB573,M,2022-02-21,SE249JQ,6.5,S,6.5,1
GB7,M,2022-02-20,DE58RP,7.8,M,7.8,2
GB112,M,2022-02-20,HU128HR,8.4,M,8.4,2
GB494,L,2022-02-21,SM27HJ,6.4,M,6.4,2
GB1510,L,2022-02-22,MK93FS,7.9,M,7.9,2
GB1328,M,2022-02-19,NE138AZ,3.6,S,3.6,1
GB137,M,2022-02-21,NW118NP,6.5,M,6.5,2
GB340,M,2022-02-19,EH142NU,3.6,M,3.6,1
GB153,M,2022-02-23,BA26JY,7.7,M,7.7,2
GB1667,M,2022-02-25,PL254NX,8.9,M,8.9,2
GB1919,M,2022-02-19,SW72QT,4.5,L,4.5,2
GB1109,M,2022-02-20,ML13US,7.4,M,7.4,2
GB1125,L,2022-02-20,SG99GY,8.7,M,8.7,2
GB595,M,2022-02-19,RH16HG,6.2,M,6.2,2
GB1734,M,2022-02-21,EN61QD,7.6,M,7.6,2
GB308,M,2022-02-19,WR97NL,,M,4.6,2
GB1732,M,2022-02-20,SW156LD,9.0,M,9.0,2
GB750,M,2022-02-20,SW65EA,9.0,M,9.0,2
GB1951,L,2022-02-21,NE209HH,6.0,M,6.0,2
GB656,M,2022-02-21,ME86SG,7.8,M,7.8,2
GB1749,M,2022-02-22,BA227JY,9.4,S,9.4,1
GB97,L,2022-02-20,HU139AE,7.6,L,7.6,2
GB1494,M,2022-02-20,AB118SD,5.2,M,5.2,2
GB1235,L,2022-02-20,CM71WG,8.7,M,8.7,2
GB505,M,2022-02-23,HP180LN,6.4,S,6.4,1
GB1424,M,2022-02-19,S123DT,,S,4.6,1
GB1270,M,2022-02-21,SO302LP,8.3,M,8.3,2
GB874,M,2022-02-20,LS157DD,8.4,M,8.4,2
GB1239,M,2022-02-25,CB13TU,5.2,M,5.2,2
GB969,M,2022-02-21,LE174UP,,M,7.2,2
GB1628,L,2022-02-21,HP109ED,7.6,M,7.6,2
GB834,L,2022-02-25,PE316SP,4.8,M,4.8,2
GB786,L,2022-02-21,ST37TL,,M,7.2,2
GB1580,M,2022-02-21,EX30AW,8.6,L,8.6,2
GB1818,M,2022-02-21,HP180GB,7.5,M,7.5,2
GB1704,L,2022-02-24,EN55FS,5.5,M,5.5,2
GB1234,L,2022-02-21,DH21LS,5.9,M,5.9,2
GB289,L,2022-02-23,UB31NH,7.0,L,7.0,2
GB613,M,2022-02-19,E149HR,4.5,S,4.5,1
GB1607,M,2022-02-23,SA733PG,9.2,S,9.2,1
GB1862,M,2022-02-21,BH152FY,7.6,M,7.6,2
GB1368,M,2022-02-19,MK178GW,3.9,M,3.9,1
GB476,M,2022-02-23,GL504EX,7.6,M,7.6,2
GB1623,M,2022-02-22,FK20GN,6.8,M,6.8,2
GB457,M,2022-02-21,RG29TA,7.3,M,7.3,2
GB432,M,2022-02-23,G759PG,6.0,M,6.0,2
GB1205,L,2022-02-21,LE143XY,6.9,M,6.9,2
GB1241,M,2022-02-22,GU229PW,9.0,M,9.0,2
GB709,L,2022-02-19,YO233GB,3.4,L,3.4,1
GB913,M,2022-02-22,B237SX,8.6,M,8.6,2
GB1576,M,2022-02-22,RG198EN,8.6,M,8.6,2
GB1088,L,2022-02-20,CT94BJ,9.1,M,9.1,2
GB1289,L,2022-02-19,EH519HU,3.6,M,3.6,1
GB984,L,2022-02-22,ST150RQ,8.1,L,8.1,2
GB1702,M,2022-02-20,NR33JY,8.8,M,8.8,2
GB585,M,2022-02-22,DE78GY,7.6,M,7.6,2
GB1810,M,2022-02-19,SE156GW,4.5,L,4.5,2
GB1102,M,2022-02-21,PL125EL,8.2,M,8.2,2
GB860,M,2022-02-21,HA37UB,7.6,M,7.6,2
GB1974,L,2022-02-23,L317DR,8.0,L,8.0,2
GB82,M,2022-02-21,TQ69AB,,S,7.2,1
GB1159,M,2022-02-23,SG86NG,6.6,M,6.6,2
GB1398,L,2022-02-21,CF104EB,7.9,L,7.9,2
GB778,M,2022-02-24,BT782DH,geocode missing,M,5.1,2
GB359,L,2022-02-23,YO126NJ,7.4,M,7.4,2
GB710,M,2022-02-19,EH125RR,3.6,M,3.6,1
GB1913,M,2022-02-20,HP100SR,9.8,S,9.8,1
GB1402,M,2022-02-20,CF833SS,9.4,S,9.4,1
GB760,M,2022-02-20,GL40TT,9.3,M,9.3,2
GB799,M,2022-02-20,TA11NY,10.6,M,10.6,3
GB1674,M,2022-02-21,YO85NP,7.4,S,7.4,1
GB1245,M,2022-02-20,PO40JY,10.3,S,10.3,2
GB227,M,2022-02-22,SW47JD,7.7,M,7.7,2
GB955,L,2022-02-23,LA231DW,,M,6.8,2
GB1465,M,2022-02-21,CT29EE,7.2,M,7.2,2
GB1586,L,2022-02-21,L243TR,8.4,M,8.4,2
GB1151,M,2022-02-24,BN33WH,6.4,M,6.4,2
GB1613,M,2022-02-20,EN110LP,8.7,S,8.7,1
GB1937,M,2022-02-21,CF104ET,7.9,M,7.9,2
GB1718,M,2022-02-19,RG141SG,5.4,M,5.4,2
GB1860,L,2022-02-20,IG88QQ,10.6,L,10.6,3
GB609,M,2022-02-25,RG15RJ,5.3,L,5.3,2
GB48,M,2022-02-23,BS312GU,7.7,M,7.7,2
GB1230,M,2022-02-20,PR21BF,8.0,M,8.0,2
GB1772,M,2022-02-25,NR47QH,5.3,M,5.3,2
GB961,M,2022-02-21,TN388BB,7.6,M,7.6,2
GB1539,M,2022-02-22,SE186FN,9.5,L,9.5,2
GB603,M,2022-02-25,WS110LQ,5.0,S,5.0,1
GB1612,L,2022-02-22,PE73QW,7.4,M,7.4,2
GB1106,M,2022-02-22,N43TD,7.7,M,7.7,2
GB1174,M,2022-02-23,M147PP,7.2,M,7.2,2
GB430,M,2022-02-19,S118NE,,S,4.6,1
GB1960,M,2022-02-21,TN25FT,7.6,M,7.6,2
GB940,L,2022-02-22,WA46DA,7.5,M,7.5,2
GB16,M,2022-02-22,OX75BA,7.1,M,7.1,2
GB1695,M,2022-02-19,SA65LJ,8.4,M,8.4,2
GB1856,M,2022-02-20,DA124NS,10.6,S,10.6,2
GB895,M,2022-02-22,CM144RL,9.5,S,9.5,1
GB567,M,2022-02-21,WA85BH,8.4,S,8.4,1
GB1778,L,2022-02-22,CB12BL,7.9,L,7.9,2
GB806,M,2022-02-22,OL158EX,,S,8.1,1
GB652,L,2022-02-25,BN38LN,5.3,M,5.3,2
GB235,M,2022-02-20,SN151TG,8.9,M,8.9,2
GB944,M,2022-02-21,LL143SR,8.4,S,8.4,1
GB546,M,2022-02-22,NE287LT,6.1,M,6.1,2
GB6,M,2022-02-25,GU153FB,5.3,M,5.3,2
GB439,M,2022-02-19,WA93TG,2.7,M,2.7,1
GB1244,M,2022-02-21,TA135JF,7.6,M,7.6,2
GB323,M,2022-02-25,SA15RE,7.3,M,7.3,2
GB1824,L,2022-02-21,CM234AZ,6.8,M,6.8,2
GB1700,L,2022-02-22,BH52DJ,9.2,L,9.2,2
GB461,M,2022-02-22,E149FY,7.7,L,7.7,2
GB1685,L,2022-02-23,LL572QE,8.9,M,8.9,2
GB547,M,2022-02-21,SO319NL,8.3,M,8.3,2
GB41,M,2022-02-21,NW18ER,6.5,S,6.5,1
GB1945,M,2022-02-20,LS285PZ,8.4,S,8.4,1
GB1362,M,2022-02-20,FY60JY,8.0,M,8.0,2
GB723,L,2022-02-20,L147BA,9.4,L,9.4,2
GB37,M,2022-02-22,SG40LS,7.6,S,7.6,1
GB96,M,2022-02-21,BH241TD,7.6,M,7.6,2
GB967,L,2022-02-21,LE651GA,6.2,M,6.2,2
GB815,L,2022-02-22,BS247JF,8.4,L,8.4,2
GB324,M,2022-02-20,DY84RH,8.2,S,8.2,1
GB387,M,2022-02-21,NR323HS,7.2,M,7.2,2
GB942,M,2022-02-23,SE85EX,6.3,L,6.3,2
GB262,M,2022-02-19,L174JN,4.2,M,4.2,2
GB591,M,2022-02-21,EH525SJ,6.8,M,6.8,2
GB1372,M,2022-02-21,LE71NX,6.2,M,6.2,2
GB200,M,2022-02-21,HD89AE,7.2,M,7.2,2
GB559,L,2022-02-22,G129UX,6.7,M,6.7,2
GB1142,M,2022-02-19,PE28RA,3.3,S,3.3,1
GB1762,M,2022-02-20,B755UE,9.5,S,9.5,1
GB1990,M,2022-02-22,NR294TE,7.8,M,7.8,2
GB1339,M,2022-02-21,ST78PJ,7.0,M,7.0,2
GB404,L,2022-02-21,CF382HU,7.9,M,7.9,2
GB563,L,2022-02-20,BH232LX,10.4,M,10.4,3
GB462,M,2022-02-20,WS114PA,8.2,M,8.2,2
GB962,M,2022-02-21,E162RN,8.3,M,8.3,2
GB993,L,2022-02-25,ME13JX,5.3,M,5.3,2
GB370,M,2022-02-20,BS119PH,9.5,M,9.5,2
GB1531,M,2022-02-22,DL132AW,4.3,M,4.3,2
GB829,M,2022-02-22,SW1P1NH,7.7,M,7.7,2
GB1599,M,2022-02-21,CR00PQ,6.3,M,6.3,2
GB869,M,2022-02-25,S62PJ,,S,5.7,1
GB1547,L,2022-02-22,DH50LB,6.1,M,6.1,2
GB442,L,2022-02-20,L134BE,9.4,M,9.4,2
GB641,L,2022-02-20,ML52AU,7.4,M,7.4,2
GB1796,M,2022-02-21,B321SF,7.2,M,7.2,2
GB1291,M,2022-02-21,LE41BU,6.2,M,6.2,2
GB537,M,2022-02-22,BN133AS,8.5,S,8.5,1
GB1980,L,2022-02-21,NW13DE,6.5,L,6.5,2
GB1832,M,2022-02-22,GL523HP,9.0,S,9.0,1
GB1217,M,2022-02-20,BH152FY,10.4,S,10.4,2
GB1063,M,2022-02-20,BL13HE,8.3,S,8.3,1
GB152,M,2022-02-24,GU228XJ,6.0,M,6.0,2
GB1004,M,2022-02-23,NN156FG,6.3,S,6.3,1
GB1777,M,2022-02-21,LS104SZ,7.2,M,7.2,2
GB1610,L,2022-02-19,DY32LL,3.2,M,3.2,1
GB881,L,2022-02-22,LL652HU,9.1,M,9.1,2
GB98,M,2022-02-20,SA153TE,9.4,S,9.4,1
GB1126,M,2022-02-22,G411BG,6.7,L,6.7,2
GB584,M,2022-02-20,SW32JZ,9.0,M,9.0,2
GB541,M,2022-02-23,KT124ER,7.0,M,7.0,2
GB124,M,2022-02-22,ST48WJ,,S,8.1,1
GB270,M,2022-02-20,CO111HZ,8.1,S,8.1,1
GB306,M,2022-02-24,LS117DX,5.0,M,5.0,2
GB1561,M,2022-02-22,SE240BJ,7.7,M,7.7,2
GB481,L,2022-02-20,TS184QL,7.5,M,7.5,2
GB972,M,2022-02-20,RG128BS,9.3,M,9.3,2
GB333,M,2022-02-20,B461LE,9.5,S,9.5,1
GB57,M,2022-02-23,RH139EJ,6.5,S,6.5,1
GB1403,M,2022-02-20,CM17AD,8.7,M,8.7,2
GB1399,L,2022-02-21,EH222FP,6.8,M,6.8,2
GB1256,M,2022-02-25,WA42TU,6.2,S,6.2,1
GB1621,M,2022-02-21,PH15HW,5.7,M,5.7,2
GB166,M,2022-02-22,AL60AH,7.6,M,7.6,2
GB1186,M,2022-02-23,S80BB,,L,6.8,2
GB734,M,2022-02-19,E181AD,6.6,S,6.6,1
GB284,M,2022-02-20,MK404AX,9.0,M,9.0,2
GB1534,L,2022-02-20,RH89BZ,8.7,L,8.7,2
GB59,L,2022-02-20,BS81ER,9.6,M,9.6,2
GB1266,M,2022-02-20,TW153LL,10.2,S,10.2,2
GB1008,M,2022-02-22,PO360EL,9.4,L,9.4,2
GB1993,L,2022-02-25,CF633NX,6.4,L,6.4,2
GB1120,M,2022-02-24,ME207JB,6.4,M,6.4,2
GB1340,M,2022-02-21,LL651BG,8.4,M,8.4,2
GB1746,L,2022-02-24,SK144EX,3.9,L,3.9,1
GB1300,L,2022-02-22,SA34BY,9.6,M,9.6,2
GB497,L,2022-02-20,WS99LN,9.5,S,9.5,1
GB570,M,2022-02-22,WA74QH,8.9,S,8.9,1
GB8,M,2022-02-23,NN128DE,6.2,M,6.2,2
GB201,L,2022-02-22,BA128BX,8.4,L,8.4,2
GB823,M,2022-02-23,IP326NT,6.5,M,6.5,2
GB22,M,2022-02-20,BH52BL,10.4,M,10.4,3
GB1492,M,2022-02-25,CF643NB,6.4,S,6.4,1
GB742,M,2022-02-21,GU343DY,7.4,M,7.4,2
GB44,M,2022-02-22,DT11WT,,M,8.1,2
GB518,M,2022-02-25,SS166NX,5.3,M,5.3,2
GB182,M,2022-02-22,BN29QJ,8.5,M,8.5,2
GB486,M,2022-02-23,DT65AH,7.0,M,7.0,2
GB551,M,2022-02-22,HP197GA,8.1,M,8.1,2
GB1646,L,2022-02-23,LL414UH,,L,6.8,2
GB332,M,2022-02-20,S627FG,,M,8.9,2
GB1550,M,2022-02-21,DA118LG,8.3,M,8.3,2
GB1204,L,2022-02-21,NE347HG,7.4,M,7.4,2
GB747,M,2022-02-21,SW49NS,6.5,L,6.5,2
GB1829,M,2022-02-20,L99HY,8.0,M,8.0,2
GB1378,M,2022-02-21,BN32BE,7.5,M,7.5,2
GB1316,L,2022-02-21,WF103RJ,7.2,M,7.2,2
GB444,M,2022-02-22,JE24LE,geocode missing,M,8.1,2
GB1193,L,2022-02-24,RH161DF,6.4,L,6.4,2
GB839,M,2022-02-20,L120PT,9.4,S,9.4,1
GB399,M,2022-02-20,CH23AR,9.4,S,9.4,1
GB36,M,2022-02-24,N65AX,5.5,M,5.5,2
GB458,M,2022-02-20,CH489UX,9.4,M,9.4,2
GB534,M,2022-02-21,LL284TF,8.0,S,8.0,1
GB1584,L,2022-02-19,B912EL,4.4,M,4.4,2
GB265,M,2022-02-20,B987NR,9.5,S,9.5,1
GB366,M,2022-02-24,CM158JS,7.1,M,7.1,2
GB1158,M,2022-02-19,KT35LG,6.2,S,6.2,1
GB801,M,2022-02-21,SS74PQ,7.8,M,7.8,2
GB1827,L,2022-02-21,KA170FB,7.8,M,7.8,2
GB714,M,2022-02-23,LA130PR,7.7,S,7.7,1
GB885,M,2022-02-21,CF827NG,7.9,S,7.9,1
GB1485,M,2022-02-19,CV346AU,4.4,M,4.4,2
GB128,M,2022-02-23,SW114ET,6.3,S,6.3,1
GB402,M,2022-02-19,TS296ES,2.7,M,2.7,1
GB183,M,2022-02-21,SN140LE,6.8,M,6.8,2
GB449,M,2022-02-19,M15AA,2.7,S,2.7,1
GB1893,M,2022-02-20,TS252LJ,7.5,S,7.5,1
GB1903,M,2022-02-20,OL37HF,8.3,M,8.3,2
GB372,M,2022-02-25,EN12JA,5.2,M,5.2,2
GB1374,M,2022-02-23,CR06FA,5.9,M,5.9,2
GB1381,M,2022-02-20,EH178RG,7.0,M,7.0,2
GB1400,M,2022-02-21,ML84LD,,M,7.2,2
GB772,M,2022-02-19,KY82JR,3.3,M,3.3,1
GB1117,M,2022-02-19,EX44GX,7.7,S,7.7,1
GB1573,M,2022-02-21,N102AN,6.5,L,6.5,2
GB1341,M,2022-02-20,NN188PN,8.4,M,8.4,2
GB1365,L,2022-02-23,BN176FD,6.2,L,6.2,2
GB1149,M,2022-02-22,UB12PN,8.9,M,8.9,2
GB1349,M,2022-02-25,EH510JT,5.3,M,5.3,2
GB336,M,2022-02-24,LS119BF,5.0,S,5.0,1
GB72,M,2022-02-20,G839BS,7.4,S,7.4,1
GB1303,M,2022-02-23,HP178DF,6.2,M,6.2,2
GB1585,M,2022-02-20,SE58NS,9.0,S,9.0,1
GB1295,L,2022-02-23,N144PX,6.3,L,6.3,2
GB441,M,2022-02-21,AB125UA,3.9,M,3.9,1
GB545,M,2022-02-24,PE26SL,4.9,M,4.9,2
GB1809,M,2022-02-19,HU181HX,2.3,M,2.3,1
GB1457,M,2022-02-21,RG249SF,7.4,M,7.4,2
GB290,M,2022-02-21,SW120DR,6.5,M,6.5,2
GB1101,M,2022-02-19,MK183GU,3.9,M,3.9,1
GB342,M,2022-02-20,RG53RA,9.3,S,9.3,1
GB299,M,2022-02-21,IP265JA,7.0,M,7.0,2
GB793,L,2022-02-23,HR40DJ,6.5,M,6.5,2
GB1153,M,2022-02-23,KT227UP,5.9,S,5.9,1
GB626,M,2022-02-22,NG335NE,7.6,M,7.6,2
GB126,M,2022-02-24,HP198JL,5.1,S,5.1,1
GB374,M,2022-02-22,WF33EW,7.7,M,7.7,2
GB479,M,2022-02-21,SY175DJ,,M,7.2,2
GB1301,L,2022-02-22,NG125BG,7.3,M,7.3,2
GB1998,M,2022-02-21,HA55RG,7.6,M,7.6,2
GB472,M,2022-02-19,WS66DN,3.2,M,3.2,1
GB1680,M,2022-02-19,NW16HA,4.5,M,4.5,2
GB1272,L,2022-02-23,BR29JY,5.8,L,5.8,2
GB531,M,2022-02-22,RH16HB,8.8,M,8.8,2
GB708,M,2022-02-23,RG194RH,6.2,M,6.2,2
GB1385,M,2022-02-23,RG11TZ,6.5,S,6.5,1
GB1513,M,2022-02-21,B601LR,7.2,L,7.2,2
GB454,M,2022-02-19,SE114TU,4.5,M,4.5,2
GB21,M,2022-02-21,DN68JY,7.2,M,7.2,2
GB499,M,2022-02-22,DT40HB,,M,8.1,2
GB1729,M,2022-02-20,DN327RY,7.9,M,7.9,2
GB720,M,2022-02-21,DE656HY,6.2,S,6.2,1
GB293,M,2022-02-22,G735EA,6.7,S,6.7,1
GB104,M,2022-02-22,BH177ES,9.2,M,9.2,2
GB1098,M,2022-02-23,CF117DJ,8.3,M,8.3,2
GB1165,M,2022-02-23,RG88NG,6.2,M,6.2,2
GB1537,L,2022-02-19,BN24PL,6.6,S,6.6,1
GB1801,L,2022-02-20,BH76NR,10.4,L,10.4,3
GB1322,M,2022-02-20,E32PW,9.0,S,9.0,1
GB1100,L,2022-02-24,NG229PY,4.3,M,4.3,2
GB868,M,2022-02-19,GL53NF,4.9,S,4.9,1
GB1963,L,2022-02-23,CH72PD,8.6,M,8.6,2
GB1122,M,2022-02-19,NN35HH,4.1,M,4.1,2
GB1973,M,2022-02-20,CM50TH,8.7,S,8.7,1
GB611,M,2022-02-20,SA113RU,,S,8.9,1
GB888,M,2022-02-20,GU248HD,9.8,S,9.8,1
GB832,M,2022-02-23,NE200SX,7.2,M,7.2,2
GB1814,M,2022-02-24,JE38GW,geocode missing,M,5.1,2
GB918,M,2022-02-21,SA129NT,8.1,M,8.1,2
GB1461,M,2022-02-23,SL61UG,6.5,M,6.5,2
GB287,L,2022-02-24,TN12NP,4.9,M,4.9,2
GB796,L,2022-02-25,MK159EH,5.3,L,5.3,2
GB253,M,2022-02-21,WD62BH,7.6,M,7.6,2
GB1898,M,2022-02-20,SE208LA,8.7,S,8.7,1
GB1038,L,2022-02-21,TW151RY,7.9,M,7.9,2
GB999,M,2022-02-20,E161UX,10.6,S,10.6,2
GB1611,M,2022-02-21,S418DE,6.5,M,6.5,2
GB979,M,2022-02-20,W92HE,9.0,L,9.0,2
GB1957,M,2022-02-22,LE51EH,7.3,M,7.3,2
GB261,M,2022-02-22,SE85EN,7.7,M,7.7,2
GB707,M,2022-02-22,SE146TJ,7.7,M,7.7,2
GB1712,M,2022-02-21,LS165RU,7.2,S,7.2,1
GB297,M,2022-02-24,HP135HY,5.7,M,5.7,2
GB1786,M,2022-02-24,DN211GS,3.9,M,3.9,1
GB948,M,2022-02-24,FY54HE,5.3,S,5.3,1
GB621,M,2022-02-24,E162XF,7.1,M,7.1,2
GB574,M,2022-02-24,LU33RZ,5.1,S,5.1,1
GB900,M,2022-02-21,NG72JJ,6.5,L,6.5,2
GB1146,M,2022-02-20,DD108HE,,S,8.9,1
GB1264,L,2022-02-22,IM13JZ,geocode missing,L,8.1,2
GB632,M,2022-02-22,NG178BG,7.6,M,7.6,2
GB1180,M,2022-02-22,JE26GP,geocode missing,S,8.1,1
GB891,L,2022-02-22,GU322DP,8.6,M,8.6,2
GB1642,M,2022-02-21,CV62BU,7.2,M,7.2,2
GB1196,M,2022-02-20,SM44QN,8.7,M,8.7,2
GB1288,M,2022-02-22,SS177JR,9.1,M,9.1,2
GB1643,L,2022-02-20,CM235BJ,8.7,L,8.7,2
GB624,M,2022-02-20,LN67HP,8.2,S,8.2,1
GB241,M,2022-02-21,SW183DL,6.5,L,6.5,2
GB775,M,2022-02-21,G674JE,7.3,M,7.3,2
GB1051,M,2022-02-25,TF12LW,5.0,S,5.0,1
GB1725,M,2022-02-21,CH635NJ,8.4,M,8.4,2
GB1377,L,2022-02-21,S434PF,6.5,M,6.5,2
GB1084,M,2022-02-21,SO184SD,8.3,M,8.3,2
GB1616,M,2022-02-20,NP108WY,9.4,S,9.4,1
GB74,M,2022-02-19,BB54AX,,S,4.6,1
GB1017,L,2022-02-23,N102LW,6.3,L,6.3,2
GB691,M,2022-02-19,B440JG,4.4,S,4.4,1
GB713,M,2022-02-21,PE150TY,6.8,S,6.8,1
GB1383,L,2022-02-21,EX151TU,8.6,M,8.6,2
GB1872,L,2022-02-23,SO318JT,6.4,L,6.4,2
GB1767,M,2022-02-19,TN389QR,6.0,S,6.0,1
GB890,L,2022-02-21,NE302PL,7.4,L,7.4,2
GB1854,L,2022-02-19,DL15TF,2.7,M,2.7,1
GB68,M,2022-02-24,NE616SZ,3.1,M,3.1,1
GB445,M,2022-02-21,ME101YG,7.8,S,7.8,1
GB1509,L,2022-02-21,RG426EE,7.3,L,7.3,2
GB666,M,2022-02-21,BA113LH,7.6,M,7.6,2
GB542,M,2022-02-19,CM233PB,4.6,M,4.6,2
GB1845,M,2022-02-25,PO93SR,5.8,S,5.8,1
GB1664,M,2022-02-22,PR75QZ,7.9,M,7.9,2
GB1985,M,2022-02-24,YO233SG,4.9,M,4.9,2
GB1694,M,2022-02-23,PO305SU,8.3,L,8.3,2
GB1128,M,2022-02-21,BD134BE,6.1,M,6.1,2
GB71,M,2022-02-21,NE611JW,6.0,S,6.0,1
GB1863,M,2022-02-22,NW31HZ,7.7,S,7.7,1
GB596,L,2022-02-19,CF30JP,7.7,L,7.7,2
GB1747,L,2022-02-19,SG12RX,4.2,M,4.2,2
GB294,M,2022-02-20,BB30SD,,M,8.9,2
GB1271,M,2022-02-20,W149SF,9.0,M,9.0,2
GB1931,L,2022-02-23,CV36DS,7.2,L,7.2,2
GB519,M,2022-02-24,NR120AP,5.5,S,5.5,1
GB1529,M,2022-02-20,LS134HA,8.4,S,8.4,1
GB1143,M,2022-02-21,KY26FY,6.8,S,6.8,1
GB1439,M,2022-02-19,LS82AT,3.2,M,3.2,1
GB1459,M,2022-02-20,OL26RL,8.3,M,8.3,2
GB1577,M,2022-02-20,LS196HH,7.0,M,7.0,2
GB1212,M,2022-02-20,SW200BJ,9.0,S,9.0,1
GB1233,L,2022-02-21,AL52NR,6.1,L,6.1,2
GB77,L,2022-02-20,BN237BD,9.5,L,9.5,2
GB809,M,2022-02-20,CF312HG,9.4,S,9.4,1
GB1884,M,2022-02-23,HP236AU,6.1,M,6.1,2
GB130,M,2022-02-21,CV130QH,6.2,S,6.2,1
GB389,M,2022-02-20,LS165EG,8.4,M,8.4,2
GB1606,M,2022-02-21,BS44FG,8.1,M,8.1,2
GB697,M,2022-02-23,RG14GP,6.5,M,6.5,2
GB674,M,2022-02-19,AB140LA,1.8,S,1.8,1
GB705,M,2022-02-21,NG209AL,6.5,S,6.5,1
GB170,L,2022-02-20,CH76TF,9.4,L,9.4,2
GB61,M,2022-02-21,EX46BH,8.6,M,8.6,2
GB67,M,2022-02-23,EH222BL,5.9,S,5.9,1
GB39,L,2022-02-25,BS110WG,6.7,M,6.7,2
GB99,M,2022-02-21,SM53PZ,6.4,M,6.4,2
GB123,L,2022-02-22,CM38AA,9.1,L,9.1,2
GB1727,L,2022-02-22,JE34DN,geocode missing,L,8.1,2
GB1213,M,2022-02-23,SL99SF,6.9,M,6.9,2
GB321,M,2022-02-19,LN83FX,2.2,S,2.2,1
GB1639,M,2022-02-23,IM82TN,geocode missing,S,6.8,1
GB921,L,2022-02-21,IP145UP,6.5,M,6.5,2
GB1836,M,2022-02-21,HD94AP,7.2,M,7.2,2
GB1215,M,2022-02-21,PL98GY,8.2,S,8.2,1
GB1648,M,2022-02-20,LE127NF,8.0,S,8.0,1
GB741,L,2022-02-25,BS362LZ,6.7,M,6.7,2
GB1361,M,2022-02-20,TN91LU,8.5,M,8.5,2
GB1472,M,2022-02-21,NN27FL,6.4,S,6.4,1
GB1813,M,2022-02-20,CV56LU,9.5,M,9.5,2
GB763,M,2022-02-19,OX73BU,4.7,M,4.7,2
GB1487,L,2022-02-22,NR171YB,7.7,L,7.7,2
GB350,M,2022-02-19,G11UZ,3.8,M,3.8,1
GB1420,M,2022-02-21,BR40RG,6.3,M,6.3,2
GB911,M,2022-02-19,GY79HW,geocode missing,M,4.6,2
GB934,L,2022-02-20,L10BF,9.4,M,9.4,2
GB1932,L,2022-02-21,DY102TH,6.6,L,6.6,2
GB1169,M,2022-02-21,HG50UF,7.6,S,7.6,1
GB145,L,2022-02-21,HU129EG,7.7,L,7.7,2
GB135,M,2022-02-23,GL530BX,7.6,M,7.6,2
GB236,M,2022-02-22,BS312WA,9.4,M,9.4,2
GB1355,M,2022-02-21,SO455UF,8.3,M,8.3,2
GB1237,M,2022-02-21,DD76GU,5.5,S,5.5,1
GB516,M,2022-02-23,LS297NL,6.4,M,6.4,2
GB780,M,2022-02-19,NG118EN,2.6,M,2.6,1
GB915,M,2022-02-23,PO36FL,6.4,M,6.4,2
GB1523,M,2022-02-21,IG103BX,8.3,S,8.3,1
GB1593,M,2022-02-20,PE47AZ,8.4,S,8.4,1
GB115,M,2022-02-23,KT160RD,7.0,M,7.0,2
GB1591,M,2022-02-23,M98QD,7.2,M,7.2,2
GB1273,L,2022-02-19,CT149TS,5.6,L,5.6,2
GB1782,M,2022-02-20,SS155AR,9.9,M,9.9,2
GB1760,M,2022-02-21,NE296YW,7.4,M,7.4,2
GB1851,M,2022-02-25,NG219GB,5.8,M,5.8,2
GB663,M,2022-02-24,NN37QY,5.1,S,5.1,1
GB113,M,2022-02-21,BN18RG,7.5,M,7.5,2
GB1788,M,2022-02-22,BB44LE,,M,8.1,2
GB543,M,2022-02-21,CF644AF,7.9,M,7.9,2
GB872,M,2022-02-24,NR205QD,5.3,S,5.3,1
GB1443,M,2022-02-22,ST52DY,,L,8.1,2
GB520,M,2022-02-21,LL112SQ,8.4,M,8.4,2
GB769,M,2022-02-20,CO43BE,8.1,M,8.1,2
GB1160,M,2022-02-24,BH234BU,6.4,S,6.4,1
GB75,M,2022-02-22,NE108QW,6.1,S,6.1,1
GB1653,M,2022-02-19,WV44UL,3.2,S,3.2,1
GB512,L,2022-02-21,LE652NH,6.2,M,6.2,2
GB538,M,2022-02-20,NE95AX,6.7,S,6.7,1
GB163,L,2022-02-21,LU61TH,6.1,L,6.1,2
GB1353,L,2022-02-20,G758XT,7.4,M,7.4,2
GB1190,L,2022-02-22,RG249RG,8.6,L,8.6,2
GB952,M,2022-02-19,L336UQ,4.3,S,4.3,1
GB865,M,2022-02-20,KY118AP,7.0,S,7.0,1
GB873,M,2022-02-22,SN110RZ,8.2,L,8.2,2
GB907,L,2022-02-22,NG58SJ,7.6,M,7.6,2
GB690,M,2022-02-20,TQ60LT,9.9,M,9.9,2
GB103,M,2022-02-21,W23EA,6.5,M,6.5,2
GB1966,M,2022-02-24,BA68DB,5.9,M,5.9,2
GB373,M,2022-02-24,SW177DG,5.5,S,5.5,1
GB1603,M,2022-02-20,OL115LZ,8.3,M,8.3,2
GB502,M,2022-02-21,OL26GF,7.0,S,7.0,1
GB1297,L,2022-02-21,MK427EG,6.4,M,6.4,2
GB857,L,2022-02-19,LN22TX,2.2,L,2.2,1
GB821,M,2022-02-22,TN157HX,7.6,S,7.6,1
GB1640,L,2022-02-24,DN110LT,,M,5.1,2
GB45,M,2022-02-21,NG235DS,6.8,M,6.8,2
GB1028,M,2022-02-21,NN156PU,6.8,S,6.8,1
GB949,M,2022-02-21,LS209PT,6.1,M,6.1,2
GB1797,M,2022-02-20,TN132TD,8.5,S,8.5,1
GB300,M,2022-02-23,BS229WD,6.7,M,6.7,2
GB737,M,2022-02-23,WA128NR,7.2,S,7.2,1
GB1861,L,2022-02-21,BA23PR,8.1,L,8.1,2
GB1949,M,2022-02-22,S739QW,7.7,S,7.7,1
GB1626,L,2022-02-21,CO59BD,7.8,M,7.8,2
GB1703,L,2022-02-23,CF623BF,8.3,M,8.3,2
GB1850,M,2022-02-21,CO43XZ,6.5,M,6.5,2
GB1953,M,2022-02-21,S627FB,,M,7.2,2
GB1375,L,2022-02-20,SA44EY,9.4,M,9.4,2
GB426,M,2022-02-20,CV109AN,9.5,S,9.5,1
GB1518,M,2022-02-19,BS227FD,5.9,M,5.9,2
GB1434,M,2022-02-25,RH149ZL,5.6,M,5.6,2
GB1589,L,2022-02-22,SW156QG,7.7,M,7.7,2
GB1922,M,2022-02-20,SA79UH,9.4,M,9.4,2
GB764,M,2022-02-22,S648QQ,,M,8.1,2
GB1141,M,2022-02-25,WF84FA,6.0,S,6.0,1
GB199,M,2022-02-20,NG72EZ,7.8,S,7.8,1
GB1370,M,2022-02-20,NE716NE,6.3,M,6.3,2
GB273,L,2022-02-25,NE77YN,4.6,M,4.6,2
GB1527,L,2022-02-21,SW147ER,7.9,L,7.9,2
GB1519,M,2022-02-24,EN52QT,6.4,M,6.4,2
GB1007,M,2022-02-24,SG137PE,5.5,M,5.5,2
GB491,M,2022-02-21,RM25DD,8.3,M,8.3,2
GB1019,L,2022-02-24,B297BP,5.0,L,5.0,2
GB1407,M,2022-02-20,B146RA,9.5,S,9.5,1
GB1859,L,2022-02-21,BR87HX,8.3,L,8.3,2
GB1804,M,2022-02-20,EH216DW,7.0,M,7.0,2
GB1996,M,2022-02-20,KT111NH,10.2,S,10.2,2
GB1066,L,2022-02-22,NE51TT,6.8,M,6.8,2
GB1075,M,2022-02-25,CW26EZ,6.2,M,6.2,2
GB490,M,2022-02-24,IM25LR,geocode missing,S,5.1,1
GB990,M,2022-02-24,NG23BP,4.3,L,4.3,2
GB141,M,2022-02-22,KT174NR,7.7,L,7.7,2
GB732,L,2022-02-25,SO198LN,5.8,M,5.8,2
GB484,M,2022-02-19,NE303NA,5.0,M,5.0,2
GB1423,M,2022-02-23,LS209AY,6.4,S,6.4,1
GB847,M,2022-02-24,NR152DR,5.5,S,5.5,1
GB1211,L,2022-02-19,LS64PP,3.2,M,3.2,1
GB224,M,2022-02-21,IP288YG,6.8,M,6.8,2
GB767,M,2022-02-23,BA77LQ,7.0,L,7.0,2
GB1666,M,2022-02-20,G735BT,7.4,M,7.4,2
GB90,M,2022-02-23,BN16LW,6.2,M,6.2,2
GB1014,L,2022-02-21,TN40EX,6.3,M,6.3,2
GB25,L,2022-02-23,NE51YP,7.2,M,7.2,2
GB795,M,2022-02-24,BT96AP,geocode missing,M,5.1,2
GB1713,M,2022-02-25,RH80HY,5.0,S,5.0,1
GB561,M,2022-02-21,CR53RA,6.4,M,6.4,2
GB1811,L,2022-02-25,BR60DF,5.0,M,5.0,2
GB899,M,2022-02-25,RG127FZ,5.3,M,5.3,2
GB1394,M,2022-02-23,LS133RU,7.8,M,7.8,2
GB908,L,2022-02-20,TR114QS,10.3,L,10.3,3
GB140,L,2022-02-24,CF831BU,6.0,L,6.0,2
GB536,L,2022-02-24,NE64EJ,3.0,L,3.0,1
GB1093,L,2022-02-21,CT203PG,7.2,L,7.2,2
GB1521,M,2022-02-20,ST65RX,8.3,S,8.3,1
GB346,M,2022-02-22,WA32AP,7.5,S,7.5,1
GB1009,M,2022-02-25,WN24GF,6.2,S,6.2,1
GB86,M,2022-02-21,SN22QZ,7.1,S,7.1,1
GB143,L,2022-02-20,PR99BB,8.0,M,8.0,2
GB205,M,2022-02-21,EH111QZ,6.8,M,6.8,2
GB1600,L,2022-02-20,PL35LB,9.9,M,9.9,2
GB1644,L,2022-02-19,CM29EG,6.0,M,6.0,2
GB175,L,2022-02-24,IP224UN,5.5,M,5.5,2
GB754,M,2022-02-19,LS168JE,3.2,M,3.2,1
GB1595,M,2022-02-21,SW111LU,6.5,M,6.5,2
GB1350,M,2022-02-23,DT96EZ,7.0,M,7.0,2
GB753,M,2022-02-22,LL219RD,9.0,M,9.0,2
GB223,M,2022-02-21,PE289QA,7.0,L,7.0,2
GB1043,M,2022-02-19,NG67DX,2.6,M,2.6,1
GB1874,L,2022-02-20,CF144SW,9.4,M,9.4,2
GB694,M,2022-02-21,LE128BZ,6.2,M,6.2,2
GB1089,L,2022-02-20,TQ50DQ,,M,8.9,2
GB1069,M,2022-02-21,CF381GF,7.9,M,7.9,2
GB553,M,2022-02-20,WS138TG,9.5,M,9.5,2
GB1000,M,2022-02-21,E149DB,6.5,M,6.5,2
GB1877,M,2022-02-23,BT421ET,geocode missing,M,6.8,2
GB982,M,2022-02-21,NG162RW,6.5,S,6.5,1
GB727,M,2022-02-21,HX78EH,6.1,L,6.1,2
GB1259,M,2022-02-21,HA80RT,7.6,S,7.6,1
GB566,L,2022-02-19,DN84EN,,S,4.6,1
GB180,M,2022-02-20,MK170AN,8.7,M,8.7,2
GB1068,M,2022-02-20,DN358RP,7.9,M,7.9,2
GB1878,M,2022-02-22,G312SJ,6.7,M,6.7,2
GB1964,M,2022-02-23,CV239RP,7.2,M,7.2,2
GB144,M,2022-02-20,UB82JW,9.8,S,9.8,1
GB893,L,2022-02-20,SN110QD,8.9,M,8.9,2
GB843,M,2022-02-21,KT124NE,7.9,S,7.9,1
GB1651,M,2022-02-22,SE186NP,9.5,M,9.5,2
GB1768,L,2022-02-19,LS104UW,3.2,L,3.2,1
GB1410,M,2022-02-24,LS104RQ,5.0,M,5.0,2
GB1274,M,2022-02-22,BB129HR,,S,8.1,1
GB116,M,2022-02-22,CR35WE,7.7,S,7.7,1
GB1745,M,2022-02-24,G696PS,2.1,M,2.1,1
GB744,L,2022-02-20,N43ET,9.0,M,9.0,2
GB1571,M,2022-02-19,SM73EL,4.9,M,4.9,2
GB1364,L,2022-02-24,HR49HZ,4.7,L,4.7,2
GB745,L,2022-02-22,EX329HR,10.0,L,10.0,3
GB64,M,2022-02-25,HA20RB,5.5,S,5.5,1
GB1514,M,2022-02-21,TN25FT,7.6,M,7.6,2
GB978,M,2022-02-19,FK39LE,3.6,L,3.6,1
GB572,M,2022-02-20,DN320LB,7.9,S,7.9,1
GB854,L,2022-02-21,SK179DY,7.0,L,7.0,2
GB528,M,2022-02-23,PA40UF,6.0,M,6.0,2
GB1356,M,2022-02-21,W60JY,6.5,M,6.5,2
GB1948,M,2022-02-25,DE118DB,5.8,S,5.8,1
GB365,M,2022-02-20,S720AB,8.4,S,8.4,1
GB1812,M,2022-02-21,NP45HW,,S,7.2,1
GB107,L,2022-02-20,S730AX,8.4,M,8.4,2
GB1419,L,2022-02-21,S801AE,6.5,M,6.5,2
GB589,L,2022-02-22,CH40GA,8.9,L,8.9,2
GB250,M,2022-02-23,LA62FB,,S,6.8,1
GB571,M,2022-02-25,WV68AT,5.0,M,5.0,2
GB1036,M,2022-02-21,BS394DW,6.7,M,6.7,2
GB628,M,2022-02-21,BB185BL,6.1,M,6.1,2
GB1170,M,2022-02-24,BS162RG,6.2,S,6.2,1
GB1892,M,2022-02-24,S749RD,5.0,M,5.0,2
GB657,L,2022-02-20,YO113LU,7.4,M,7.4,2
GB1582,L,2022-02-22,AB140QG,5.4,L,5.4,2
GB173,L,2022-02-21,G134QN,7.3,M,7.3,2
GB276,M,2022-02-24,PA50ET,2.1,L,2.1,1
GB49,L,2022-02-19,SK61JX,2.7,S,2.7,1
GB78,M,2022-02-20,NE347JF,8.6,S,8.6,1
GB468,M,2022-02-23,NG237NG,7.2,L,7.2,2
GB1308,M,2022-02-25,N31QS,5.2,S,5.2,1
GB894,M,2022-02-21,AB157PX,3.9,M,3.9,1
GB1276,M,2022-02-21,YO231NP,7.4,M,7.4,2
GB60,L,2022-02-22,GY35RG,geocode missing,L,8.1,2
GB285,M,2022-02-22,BS66NT,9.4,M,9.4,2
GB1875,M,2022-02-21,NG158HN,6.5,L,6.5,2
GB842,M,2022-02-19,PE282WE,4.2,S,4.2,1
GB155,M,2022-02-19,DE249AG,3.5,M,3.5,1
GB966,M,2022-02-19,L340JQ,4.2,S,4.2,1
GB1324,M,2022-02-23,BS93AN,7.7,S,7.7,1
GB63,M,2022-02-20,NN127RP,8.7,S,8.7,1
GB114,L,2022-02-19,BB113DU,,M,4.6,2
GB1641,M,2022-02-25,UB109HE,5.5,M,5.5,2
GB782,M,2022-02-23,WA37BD,7.2,M,7.2,2
GB151,M,2022-02-22,PO143NN,9.6,M,9.6,2
GB1111,M,2022-02-24,NE359EN,5.6,M,5.6,2
GB283,M,2022-02-21,EX395HX,8.8,M,8.8,2
GB776,M,2022-02-20,HP199UD,9.5,S,9.5,1
GB1493,M,2022-02-23,N41EE,6.3,M,6.3,2
GB646,M,2022-02-21,AB123UQ,3.9,M,3.9,1
GB1227,M,2022-02-21,CV345GF,7.2,M,7.2,2
GB446,M,2022-02-23,E11LF,6.3,M,6.3,2
GB355,M,2022-02-19,SW152PW,4.5,M,4.5,2
GB478,L,2022-02-21,DL79LG,6.8,M,6.8,2
GB1232,L,2022-02-22,NN297TX,7.8,M,7.8,2
GB879,M,2022-02-20,NP165BP,9.5,M,9.5,2
GB1490,M,2022-02-21,SW184FR,6.5,M,6.5,2
GB1941,L,2022-02-24,CB216BZ,5.8,L,5.8,2
GB1451,M,2022-02-22,FK77NG,6.8,M,6.8,2
GB23,M,2022-02-19,RM166NW,6.6,M,6.6,2
GB391,M,2022-02-22,TW119NZ,9.2,M,9.2,2
GB1130,L,2022-02-22,WF118PQ,7.7,M,7.7,2
GB1696,M,2022-02-20,SR79BD,6.7,M,6.7,2
GB926,M,2022-02-23,GU345FE,6.4,S,6.4,1
GB1458,M,2022-02-24,HP13RT,5.1,M,5.1,2
GB820,M,2022-02-25,SW83LT,5.2,M,5.2,2
GB232,L,2022-02-24,RH164PF,6.4,L,6.4,2
GB836,M,2022-02-21,EX152SS,8.6,M,8.6,2
GB2,M,2022-02-21,WF27DS,7.2,M,7.2,2
GB558,M,2022-02-22,DE53QL,7.6,M,7.6,2
GB368,L,2022-02-22,TN261HF,,M,8.1,2
GB134,M,2022-02-19,HU151GW,2.3,S,2.3,1
GB1901,L,2022-02-21,BN37EB,7.5,M,7.5,2
GB804,M,2022-02-23,DN140YG,7.8,M,7.8,2
GB1197,M,2022-02-21,NP202QT,7.9,S,7.9,1
GB304,M,2022-02-21,GL32SP,7.5,S,7.5,1
GB577,M,2022-02-23,BT146PN,geocode missing,L,6.8,2
GB848,M,2022-02-23,GL544NW,5.9,M,5.9,2
GB1436,M,2022-02-21,KA203EA,7.8,S,7.8,1
GB1456,L,2022-02-21,GU228SP,7.6,M,7.6,2
GB17,M,2022-02-19,CW98WE,2.7,S,2.7,1
GB1598,M,2022-02-21,CF447ET,8.1,M,8.1,2
GB394,L,2022-02-23,WN40RW,7.2,L,7.2,2
GB1046,M,2022-02-23,CV24JB,7.2,S,7.2,1
GB783,M,2022-02-21,B338AP,7.2,S,7.2,1
GB1246,M,2022-02-23,RG75NY,6.2,M,6.2,2
GB1853,M,2022-02-19,TW200TQ,6.2,S,6.2,1
GB453,M,2022-02-21,BL24NY,7.0,M,7.0,2
GB638,L,2022-02-20,NN155TQ,9.0,M,9.0,2
GB1074,M,2022-02-25,SA151PZ,7.3,M,7.3,2
GB886,M,2022-02-21,RG109DE,7.3,M,7.3,2
GB1792,L,2022-02-23,M345DN,7.2,L,7.2,2
GB845,M,2022-02-19,PL49RB,8.2,S,8.2,1
GB740,M,2022-02-19,RG127BP,5.1,M,5.1,2
GB787,M,2022-02-21,RG54FE,7.3,M,7.3,2
GB1645,M,2022-02-22,BN72FL,8.4,M,8.4,2
GB933,L,2022-02-20,CB20RA,9.3,L,9.3,2
GB1354,L,2022-02-22,SE108QP,7.7,L,7.7,2
GB765,M,2022-02-25,SW164QB,5.2,S,5.2,1
GB1925,M,2022-02-22,SG111DL,7.5,M,7.5,2
GB1570,M,2022-02-22,BA29AD,8.4,M,8.4,2
GB1997,L,2022-02-21,SA129TT,8.1,M,8.1,2
GB1058,M,2022-02-23,IM34BT,geocode missing,S,6.8,1
GB467,M,2022-02-24,M145NH,3.9,L,3.9,1
GB1320,L,2022-02-19,DY85BF,3.2,M,3.2,1
GB1825,M,2022-02-20,TN279SG,,S,8.9,1
GB1657,L,2022-02-20,ML117JA,,M,8.9,2
GB88,M,2022-02-20,WS73RE,8.2,S,8.2,1
GB343,M,2022-02-21,G420JN,7.3,S,7.3,1
GB704,L,2022-02-21,TW107LD,7.9,M,7.9,2
GB1332,L,2022-02-23,WV69DS,6.9,L,6.9,2
GB325,M,2022-02-22,CV347BN,8.6,L,8.6,2
GB55,M,2022-02-21,KY86DB,5.5,S,5.5,1
GB1965,M,2022-02-21,SS08PT,7.8,L,7.8,2
GB800,M,2022-02-20,G117RF,7.4,M,7.4,2
GB549,M,2022-02-19,SS178JP,6.0,M,6.0,2
GB774,M,2022-02-21,BN27GT,7.5,M,7.5,2
GB1978,L,2022-02-20,PL242JD,11.0,M,11.0,3
GB805,M,2022-02-22,ML119EU,,M,8.1,2
GB620,M,2022-02-20,NN33DT,9.0,L,9.0,2
GB1176,M,2022-02-21,PE166PL,7.0,S,7.0,1
GB751,M,2022-02-21,CT12QJ,7.2,M,7.2,2
GB73,M,2022-02-23,TN221DB,6.6,M,6.6,2
GB853,M,2022-02-20,BH65AN,10.4,M,10.4,3
GB844,M,2022-02-21,CV136NL,6.2,S,6.2,1
GB1870,L,2022-02-21,CV14JL,7.2,L,7.2,2
GB1841,M,2022-02-21,SY13EF,7.3,S,7.3,1
GB133,M,2022-02-20,TN62XS,9.5,S,9.5,1
GB855,M,2022-02-21,KT80NN,7.9,M,7.9,2
GB1686,M,2022-02-19,M220HF,2.7,M,2.7,1
GB1710,L,2022-02-22,GL182BJ,9.0,L,9.0,2
GB1293,L,2022-02-22,DA14RS,9.5,L,9.5,2
GB1421,M,2022-02-20,SW116PT,9.0,S,9.0,1
GB477,M,2022-02-22,BA25FE,9.3,M,9.3,2
GB421,M,2022-02-21,LN24DT,6.7,M,6.7,2
GB1189,M,2022-02-22,TR113BE,9.8,M,9.8,2
GB1511,M,2022-02-20,RH164HF,9.8,M,9.8,2
GB463,M,2022-02-20,BA28TB,8.7,M,8.7,2
GB345,M,2022-02-24,WD259BL,6.4,S,6.4,1
GB119,L,2022-02-19,G129HL,3.8,L,3.8,1
GB604,M,2022-02-19,DE738JQ,3.5,S,3.5,1
GB1044,L,2022-02-22,YO213RT,6.2,M,6.2,2
GB1263,L,2022-02-23,HA03QH,6.9,M,6.9,2
GB1210,M,2022-02-21,GU125JZ,7.6,S,7.6,1
GB1950,L,2022-02-21,DL104PQ,6.8,L,6.8,2
GB403,M,2022-02-21,LL114BJ,8.4,S,8.4,1
GB1500,M,2022-02-20,BA29BN,9.6,M,9.6,2
GB256,M,2022-02-19,BN424RP,6.6,M,6.6,2
GB500,M,2022-02-20,SL98HJ,9.8,M,9.8,2
GB1310,M,2022-02-20,ML106PR,7.4,M,7.4,2
GB375,M,2022-02-19,ST145FG,,S,4.6,1
GB1779,M,2022-02-20,B620NU,9.5,M,9.5,2
GB1672,M,2022-02-20,DE221FR,8.0,M,8.0,2
GB1759,M,2022-02-23,NW32RX,6.3,M,6.3,2
GB197,M,2022-02-24,BT636DN,geocode missing,M,5.1,2
GB1716,M,2022-02-24,CM95DE,6.4,M,6.4,2
GB1802,M,2022-02-21,EH545AU,6.8,M,6.8,2
GB1752,M,2022-02-20,SE207QQ,8.7,M,8.7,2
GB122,L,2022-02-23,W93DY,6.3,M,6.3,2
GB415,M,2022-02-25,NG318QX,5.2,M,5.2,2
GB1447,M,2022-02-20,SW96PY,9.0,M,9.0,2
GB1505,M,2022-02-21,EH51GT,6.8,M,6.8,2
GB790,M,2022-02-20,SN56AS,8.9,M,8.9,2
GB580,M,2022-02-21,GU154NG,7.3,M,7.3,2
GB1468,M,2022-02-21,CM26QF,6.8,L,6.8,2
GB712,M,2022-02-25,S401YQ,5.8,S,5.8,1
GB1676,M,2022-02-25,WF170EH,6.0,M,6.0,2
GB238,M,2022-02-21,SA336BP,8.6,M,8.6,2
GB1415,M,2022-02-21,NG347FP,6.8,M,6.8,2
GB1428,M,2022-02-23,BB44AZ,,M,6.8,2
GB76,M,2022-02-21,CH496LA,8.4,L,8.4,2
GB1315,L,2022-02-20,NG157DA,7.8,S,7.8,1
GB1926,M,2022-02-21,TF108BN,7.3,S,7.3,1
GB610,M,2022-02-23,WF50HU,7.8,M,7.8,2
GB1455,L,2022-02-21,KT185SL,6.4,L,6.4,2
GB1914,L,2022-02-24,CB31AE,5.8,L,5.8,2
GB689,L,2022-02-23,NG57NA,7.1,M,7.1,2
GB1265,M,2022-02-19,CF141JP,7.7,M,7.7,2
GB210,L,2022-02-20,HP30DJ,8.6,L,8.6,2
GB217,M,2022-02-22,SW1V4RN,7.7,M,7.7,2
GB212,L,2022-02-25,ME11DY,5.3,M,5.3,2
GB1605,M,2022-02-22,SM68HX,7.7,S,7.7,1
GB1791,L,2022-02-20,NP246JG,,M,8.9,2
GB1761,M,2022-02-21,HA40EE,7.6,S,7.6,1
GB728,L,2022-02-20,ST71AS,8.3,L,8.3,2
GB1079,M,2022-02-19,BS296DT,5.9,S,5.9,1
GB814,M,2022-02-21,E14PU,6.5,M,6.5,2
GB600,M,2022-02-23,BT411JT,geocode missing,L,6.8,2
GB1880,M,2022-02-21,CA49PG,6.4,S,6.4,1
GB1185,M,2022-02-21,SW170RF,6.5,M,6.5,2
GB791,M,2022-02-21,GU72LE,7.6,M,7.6,2
GB1897,M,2022-02-19,GL40JQ,4.9,S,4.9,1
GB1942,M,2022-02-19,DY85HX,3.2,S,3.2,1
GB818,M,2022-02-21,TR24RP,9.9,M,9.9,2
GB194,M,2022-02-20,DE554ND,7.8,S,7.8,1
GB560,M,2022-02-20,CR82JB,8.7,M,8.7,2
GB1345,M,2022-02-22,SE193TU,7.7,M,7.7,2
GB1669,M,2022-02-23,IM25AY,geocode missing,M,6.8,2
GB1899,L,2022-02-22,NR317LF,7.8,M,7.8,2
GB47,L,2022-02-22,AL23DH,7.6,M,7.6,2
GB456,M,2022-02-21,DE142DH,6.2,L,6.2,2
GB1134,M,2022-02-21,BS251BA,6.7,L,6.7,2
GB53,M,2022-02-22,M225LY,7.5,L,7.5,2
GB131,M,2022-02-21,KY146DZ,5.7,S,5.7,1
GB1726,M,2022-02-21,LS236AX,7.2,M,7.2,2
GB361,M,2022-02-22,L271XZ,8.9,M,8.9,2
GB1002,M,2022-02-22,ST65RA,7.5,S,7.5,1
GB1056,M,2022-02-22,IM25BA,geocode missing,S,8.1,1
GB513,M,2022-02-21,B185RR,7.2,M,7.2,2
GB852,M,2022-02-21,RH192DT,7.4,M,7.4,2
GB1054,L,2022-02-21,PE330EG,6.7,M,6.7,2
GB1412,M,2022-02-25,WV140SR,5.0,S,5.0,1
GB1604,L,2022-02-22,SP97GX,8.5,M,8.5,2
GB95,L,2022-02-21,RG120XH,7.3,M,7.3,2
GB243,M,2022-02-20,BH241TF,10.4,M,10.4,3
GB1358,L,2022-02-22,W120TG,7.7,M,7.7,2
GB817,L,2022-02-20,GL29FA,9.3,L,9.3,2
GB400,M,2022-02-24,BB113PT,,M,5.1,2
GB26,M,2022-02-20,HP43PE,8.6,S,8.6,1
GB1115,M,2022-02-22,S206SG,,M,8.1,2
GB1614,L,2022-02-23,TS146JJ,6.3,L,6.3,2
GB1717,M,2022-02-19,KA92AD,4.7,S,4.7,1
GB148,M,2022-02-21,W38AU,7.6,M,7.6,2
GB1208,M,2022-02-22,S426GB,7.6,L,7.6,2
GB280,M,2022-02-20,OX162BQ,9.2,M,9.2,2
GB851,M,2022-02-21,TQ125JD,8.6,M,8.6,2
GB1083,L,2022-02-21,E83FF,6.5,L,6.5,2
GB947,M,2022-02-19,IM75JD,geocode missing,S,4.6,1
GB1486,M,2022-02-23,LN22DR,7.1,M,7.1,2
GB1307,M,2022-02-21,CF243QA,7.9,M,7.9,2
GB989,M,2022-02-22,NR316GD,7.8,M,7.8,2
GB1065,M,2022-02-21,YO167EN,6.8,S,6.8,1
GB1821,M,2022-02-20,CB43NA,9.3,S,9.3,1
GB56,L,2022-02-24,LA185AS,5.3,M,5.3,2
GB1691,M,2022-02-21,LS82LD,7.2,M,7.2,2
GB825,M,2022-02-20,TN255LR,9.3,S,9.3,1
GB568,L,2022-02-23,W44EZ,6.9,M,6.9,2
GB401,M,2022-02-22,BH14ET,9.2,S,9.2,1
GB544,M,2022-02-20,HU106LF,7.6,S,7.6,1
GB552,M,2022-02-24,LE85AH,4.0,M,4.0,1
GB1971,L,2022-02-21,RG317DP,7.3,L,7.3,2
GB743,L,2022-02-21,WA32GE,7.0,M,7.0,2
GB824,L,2022-02-23,E18ZD,6.3,M,6.3,2
GB31,L,2022-02-20,CH617XP,9.4,M,9.4,2
GB1369,L,2022-02-24,TS160QN,3.9,L,3.9,1
GB0,M,2022-02-21,SE41YQ,6.5,M,6.5,2
GB1156,M,2022-02-22,M171LD,7.5,M,7.5,2
GB1192,M,2022-02-19,HR14DG,4.5,M,4.5,2
GB1137,M,2022-02-20,EX164BB,10.9,S,10.9,2
GB1538,M,2022-02-21,SO506AN,8.3,M,8.3,2
GB1866,M,2022-02-20,YO105GQ,7.9,S,7.9,1
GB788,M,2022-02-22,SL71DG,8.1,S,8.1,1
GB1597,M,2022-02-22,B755AH,8.6,M,8.6,2
GB759,M,2022-02-20,SS69DT,9.9,S,9.9,1
GB1842,M,2022-02-24,ST195BJ,4.5,M,4.5,2
GB686,M,2022-02-25,G673LE,5.9,M,5.9,2
GB1588,M,2022-02-20,HA90QS,9.8,S,9.8,1
GB1888,M,2022-02-21,PR267AS,7.5,S,7.5,1
GB356,M,2022-02-21,CV61GE,7.2,M,7.2,2
GB1463,L,2022-02-25,CW39EH,5.9,S,5.9,1
GB1433,M,2022-02-19,N43ER,4.5,S,4.5,1
GB34,M,2022-02-20,SA132SL,9.4,S,9.4,1
GB203,M,2022-02-20,SP46JA,9.1,M,9.1,2
GB470,M,2022-02-25,TQ148QD,6.8,S,6.8,1
GB975,M,2022-02-23,CF401TH,8.4,M,8.4,2
GB670,M,2022-02-24,GY24DJ,geocode missing,M,5.1,2
GB1719,M,2022-02-25,DE551RE,5.8,M,5.8,2
GB963,M,2022-02-20,PO229NR,9.7,M,9.7,2
GB281,M,2022-02-21,CM144JW,8.3,M,8.3,2
GB443,M,2022-02-22,HX62PP,6.6,M,6.6,2
GB1753,M,2022-02-21,BL79LX,7.0,M,7.0,2
GB606,M,2022-02-24,FY44JT,5.3,M,5.3,2
GB1544,M,2022-02-20,CB227QL,9.3,S,9.3,1
GB811,M,2022-02-19,YO306QR,3.4,M,3.4,1
GB1113,M,2022-02-21,SL43JN,7.9,S,7.9,1
GB188,L,2022-02-21,TN120LQ,7.6,L,7.6,2
GB1240,M,2022-02-19,NG52BA,2.6,S,2.6,1
GB1376,M,2022-02-22,LE175EA,8.6,L,8.6,2
GB803,M,2022-02-24,NN49UZ,5.1,M,5.1,2
GB1568,M,2022-02-21,PR43YG,7.5,M,7.5,2
GB1794,L,2022-02-24,B755NW,5.0,M,5.0,2
GB1709,L,2022-02-20,CH48TQ,9.4,M,9.4,2
GB360,M,2022-02-22,BD109TA,6.6,M,6.6,2
GB1690,M,2022-02-20,RH138EL,9.7,M,9.7,2
GB1927,M,2022-02-21,DY67DP,6.6,M,6.6,2
GB352,M,2022-02-22,NR47DU,7.7,S,7.7,1
GB935,L,2022-02-21,GU113GZ,7.6,L,7.6,2
GB1441,M,2022-02-21,DE742AP,6.2,M,6.2,2
GB40,L,2022-02-23,WN36HG,7.2,L,7.2,2
GB919,M,2022-02-20,BB44NF,,S,8.9,1
GB1707,M,2022-02-21,KT111HG,7.9,M,7.9,2
GB1030,M,2022-02-23,N167SA,6.3,M,6.3,2
GB139,L,2022-02-23,PO93TH,6.4,M,6.4,2
GB282,L,2022-02-21,NE139EH,6.0,L,6.0,2
GB1887,L,2022-02-21,SY35JE,7.3,L,7.3,2
GB1784,M,2022-02-23,LS82HZ,7.8,M,7.8,2
GB1698,M,2022-02-25,WN23PX,6.2,M,6.2,2
GB943,M,2022-02-20,PR73TA,8.0,S,8.0,1
GB1163,M,2022-02-21,PO220DB,7.5,S,7.5,1
GB1956,L,2022-02-23,WA144JB,7.2,M,7.2,2
GB1287,M,2022-02-23,LU20JL,6.1,L,6.1,2
GB1152,M,2022-02-21,IP112UP,6.5,S,6.5,1
GB1037,L,2022-02-21,L239UN,7.5,M,7.5,2
GB1470,M,2022-02-21,NE335HS,7.4,M,7.4,2
GB13,M,2022-02-20,TN231AG,,S,8.9,1
GB837,M,2022-02-24,BT196TH,2.8,M,2.8,1
GB575,M,2022-02-19,EN62DP,5.8,S,5.8,1
GB1649,M,2022-02-25,LN24ZB,5.3,M,5.3,2
GB622,M,2022-02-21,YO322WA,7.4,M,7.4,2
GB812,M,2022-02-24,ME174JT,,M,5.1,2
GB1082,M,2022-02-21,L129EG,8.4,M,8.4,2
GB1554,M,2022-02-21,SA91AZ,,M,7.2,2
GB189,L,2022-02-21,E15AZ,6.5,L,6.5,2
GB307,M,2022-02-22,ME46QA,9.1,M,9.1,2
